"vOTU_id","class","order","family","genus","BS_group","SA_group","IA_group","DA_group","checkv_quality","final_strategy","MQ_or_better","representative_contig_id","representative_length_bp","BS_TPM","BS_relative_TPM","SA_TPM","SA_relative_TPM","IA_TPM","IA_relative_TPM","DA_TPM","DA_relative_TPM","class_assigned","class_raw","order_assigned","order_raw","family_assigned","family_raw","genus_assigned","genus_raw"
"vOTU0519","Caudoviricetes","Unclassified","Unclassified","Unclassified","Not detected","Abundant","Not detected","Not detected","Low-quality","temperate",0,"FCH3CGLCCXYL2DAA_NODE_1035",7086,0,0,12866.1166234071,0.0128661166234071,0,0,0,0,TRUE,"Caudoviricetes",FALSE,"",FALSE,"",FALSE,""
"vOTU0077","Caudoviricetes","Unclassified","Unclassified","Unclassified","Not detected","Abundant","Rare","Not detected","Low-quality","temperate",0,"FCH3CGLCCXYL2DAA_NODE_118",19537,0,0,28461.1003818813,0.0284611003818813,194.815614985499,0.000194815614985499,0,0,TRUE,"Caudoviricetes",FALSE,"",FALSE,"",FALSE,""
"vOTU0576","Caudoviricetes","Unclassified","Unclassified","Unclassified","Not detected","Abundant","Rare","Not detected","Low-quality","virulent",0,"FCH3CGLCCXYL2DAA_NODE_1191",6606,0,0,20501.45157632,0.02050145157632,816.227066415604,0.000816227066415604,0,0,TRUE,"Caudoviricetes",FALSE,"",FALSE,"",FALSE,""
"vOTU0114","Caudoviricetes","Unclassified","Peduoviridae","Unclassified","Not detected","Abundant","Rare","Not detected","Low-quality","virulent",0,"FCH3CGLCCXYL2DAA_NODE_124",15665,0,0,16307.0609326606,0.0163070609326606,121.484686264169,0.000121484686264169,0,0,TRUE,"Caudoviricetes",FALSE,"[Order]_Peduoviridae",TRUE,"Peduoviridae",FALSE,""
"vOTU0597","Caudoviricetes","Unclassified","Unclassified","Unclassified","Not detected","Abundant","Rare","Not detected","Low-quality","virulent",0,"FCH3CGLCCXYL2DAA_NODE_1240",6480,0,0,18283.3348264745,0.0182833348264745,538.416342890837,0.000538416342890837,0,0,TRUE,"Caudoviricetes",FALSE,"",FALSE,"",FALSE,""
"vOTU0617","Caudoviricetes","Unclassified","Unclassified","Unclassified","Not detected","Abundant","Rare","Not detected","Low-quality","virulent",0,"FCH3CGLCCXYL2DAA_NODE_1292",6347,0,0,15821.3846699076,0.0158213846699076,149.917732662396,0.000149917732662396,0,0,TRUE,"Caudoviricetes",FALSE,"",FALSE,"",FALSE,""
"vOTU0163","Caudoviricetes","Unclassified","Unclassified","Unclassified","Not detected","Abundant","Rare","Rare","Low-quality","virulent",0,"FCH3CGLCCXYL2DAA_NODE_131",13596,0,0,22854.095045668,0.022854095045668,128.307518955895,0.000128307518955895,32.4667869332222,3.24667869332222e-05,TRUE,"Caudoviricetes",FALSE,"",FALSE,"",FALSE,""
"vOTU0088","Caudoviricetes","Unclassified","Unclassified","Unclassified","Not detected","Abundant","Rare","Not detected","Low-quality","virulent",0,"FCH3CGLCCXYL2DAA_NODE_138",18319,0,0,25460.8132997122,0.0254608132997122,103.88430065141,0.00010388430065141,0,0,TRUE,"Caudoviricetes",FALSE,"",FALSE,"",FALSE,""
"vOTU0002","Caudoviricetes","Unclassified","Unclassified","Unclassified","Not detected","Abundant","Abundant","Not detected","Low-quality","virulent",0,"FCH3CGLCCXYL2EAA_NODE_231",9763,0,0,11097.6236315496,0.0110976236315496,24755.5222568397,0.0247555222568397,0,0,TRUE,"Caudoviricetes",FALSE,"",FALSE,"",FALSE,""
"vOTU0680","Caudoviricetes","Unclassified","Unclassified","Unclassified","Not detected","Abundant","Rare","Not detected","Not-determined","virulent",0,"FCH3CGLCCXYL2DAA_NODE_1439",5998,0,0,27242.4147441604,0.0272424147441604,158.640940951281,0.000158640940951281,0,0,TRUE,"Caudoviricetes",FALSE,"",FALSE,"",FALSE,""
"vOTU0342","Caudoviricetes","Unclassified","Unclassified","Unclassified","Not detected","Abundant","Rare","Not detected","Low-quality","temperate",0,"FCH3CGLCCXYL2DAA_NODE_147",8904,0,0,19192.1996098289,0.0191921996098289,712.435242673657,0.000712435242673657,0,0,TRUE,"Caudoviricetes",FALSE,"",FALSE,"",FALSE,""
"vOTU0095","Caudoviricetes","Unclassified","Unclassified","Unclassified","Not detected","Abundant","Rare","Rare","Low-quality","virulent",0,"FCH3CGLCCXYL2DAA_NODE_160",17312,0,0,25110.0674047826,0.0251100674047826,164.890487808587,0.000164890487808587,25.4978418020953,2.54978418020953e-05,TRUE,"Caudoviricetes",FALSE,"",FALSE,"",FALSE,""
"vOTU0758","Caudoviricetes","Unclassified","Unclassified","Unclassified","Not detected","Abundant","Rare","Not detected","Low-quality","virulent",0,"FCH3CGLCCXYL2DAA_NODE_1601",5667,0,0,13095.5837710292,0.0130955837710292,55.9689582279488,5.59689582279488e-05,0,0,TRUE,"Caudoviricetes",FALSE,"",FALSE,"",FALSE,""
"vOTU0772","Caudoviricetes","Unclassified","Unclassified","Unclassified","Not detected","Abundant","Not detected","Not detected","Low-quality","virulent",0,"FCH3CGLCCXYL2DAA_NODE_1629",5606,0,0,11313.2570376458,0.0113132570376458,0,0,0,0,TRUE,"Caudoviricetes",FALSE,"",FALSE,"",FALSE,""
"vOTU0825","Caudoviricetes","Unclassified","Unclassified","Unclassified","Not detected","Abundant","Rare","Not detected","Low-quality","virulent",0,"FCH3CGLCCXYL2DAA_NODE_1694",5471,0,0,10988.6436971139,0.0109886436971139,57.9740446845552,5.79740446845552e-05,0,0,TRUE,"Caudoviricetes",FALSE,"",FALSE,"",FALSE,""
"vOTU0847","Caudoviricetes","Unclassified","Unclassified","Unclassified","Not detected","Abundant","Rare","Not detected","Low-quality","virulent",0,"FCH3CGLCCXYL2DAA_NODE_1740",5376,0,0,53988.874571363,0.053988874571363,176.995671185611,0.000176995671185611,0,0,TRUE,"Caudoviricetes",FALSE,"",FALSE,"",FALSE,""
"vOTU0849","Caudoviricetes","Unclassified","Unclassified","Unclassified","Not detected","Abundant","Not detected","Not detected","Low-quality","virulent",0,"FCH3CGLCCXYL2DAA_NODE_1751",5361,0,0,12569.6674983197,0.0125696674983197,0,0,0,0,TRUE,"Caudoviricetes",FALSE,"",FALSE,"",FALSE,""
"vOTU0872","Unclassified","Unclassified","Fuselloviridae","Unclassified","Not detected","Abundant","Rare","Not detected","Low-quality","virulent",0,"FCH3CGLCCXYL2DAA_NODE_1803",5270,0,0,12870.2894311135,0.0128702894311135,752.315185554383,0.000752315185554383,0,0,FALSE,"[Class]_Fuselloviridae",FALSE,"[Order]_Fuselloviridae",TRUE,"Fuselloviridae",FALSE,""
"vOTU0005","Caudoviricetes","Unclassified","Unclassified","Unclassified","Not detected","Abundant","Abundant","Rare","Low-quality","virulent",0,"FCH3CGLCCXYL2DAA_NODE_1889",5132,0,0,13302.1888741832,0.0133021888741832,34393.7059512341,0.0343937059512341,28.6709971022792,2.86709971022792e-05,TRUE,"Caudoviricetes",FALSE,"",FALSE,"",FALSE,""
"vOTU0113","Caudoviricetes","Unclassified","Unclassified","Rauchvirus","Not detected","Abundant","Rare","Rare","Low-quality","virulent",0,"FCH3CGLCCXYL2DAA_NODE_197",15670,0,0,24087.3950956776,0.0240873950956776,121.445878771053,0.000121445878771053,65.729230029777,6.5729230029777e-05,TRUE,"Caudoviricetes",FALSE,"[Order]_Rauchvirus",FALSE,"[Family]_Rauchvirus",TRUE,"Rauchvirus"
"vOTU0115","Caudoviricetes","Unclassified","Unclassified","Unclassified","Not detected","Abundant","Rare","Not detected","Low-quality","virulent",0,"FCH3CGLCCXYL2DAA_NODE_200",15594,0,0,12992.0683189262,0.0129920683189262,61.0188536617652,6.10188536617652e-05,0,0,TRUE,"Caudoviricetes",FALSE,"",FALSE,"",FALSE,""
"vOTU0121","Caudoviricetes","Unclassified","Unclassified","Unclassified","Not detected","Abundant","Rare","Rare","Low-quality","virulent",0,"FCH3CGLCCXYL2DAA_NODE_208",15268,0,0,19918.6345228336,0.0199186345228336,186.965197826615,0.000186965197826615,9.63711574880976,9.63711574880976e-06,TRUE,"Caudoviricetes",FALSE,"",FALSE,"",FALSE,""
"vOTU0124","Caudoviricetes","Unclassified","Unclassified","Unclassified","Not detected","Abundant","Intermediate","Not detected","Low-quality","temperate",0,"FCH3CGLCCXYL2DAA_NODE_211",15072,0,0,18804.2392567887,0.0188042392567887,1104.81331679197,0.00110481331679197,0,0,TRUE,"Caudoviricetes",FALSE,"",FALSE,"",FALSE,""
"vOTU0155","Caudoviricetes","Unclassified","Unclassified","Unclassified","Not detected","Abundant","Intermediate","Not detected","Low-quality","virulent",0,"FCH3CGLCCXYL2DAA_NODE_249",13928,0,0,16791.2802273323,0.0167912802273323,1070.31045609485,0.00107031045609485,0,0,TRUE,"Caudoviricetes",FALSE,"",FALSE,"",FALSE,""
"vOTU0167","Caudoviricetes","Unclassified","Unclassified","Unclassified","Not detected","Abundant","Rare","Not detected","Low-quality","virulent",0,"FCH3CGLCCXYL2DAA_NODE_259",13479,0,0,19245.7900483615,0.0192457900483615,682.402874600943,0.000682402874600942,0,0,TRUE,"Caudoviricetes",FALSE,"",FALSE,"",FALSE,""
"vOTU0173","Caudoviricetes","Unclassified","Unclassified","Unclassified","Not detected","Abundant","Rare","Not detected","Low-quality","virulent",0,"FCH3CGLCCXYL2DAA_NODE_277",13078,0,0,19650.6823301705,0.0196506823301705,24.2526489664475,2.42526489664475e-05,0,0,TRUE,"Caudoviricetes",FALSE,"",FALSE,"",FALSE,""
"vOTU0001","Caudoviricetes","Unclassified","Unclassified","Unclassified","Rare","Abundant","Rare","Not detected","Low-quality","virulent",0,"FCH3CGLCCXYL4FAA_NODE_162",12805,786.315552391217,0.000786315552391216,10266.9824846456,0.0102669824846456,99.0788067294423,9.90788067294423e-05,0,0,TRUE,"Caudoviricetes",FALSE,"",FALSE,"",FALSE,""
"vOTU0184","Caudoviricetes","Unclassified","Unclassified","Unclassified","Not detected","Abundant","Rare","Not detected","Low-quality","virulent",0,"FCH3CGLCCXYL2DAA_NODE_299",12603,0,0,15900.6765366104,0.0159006765366104,100.666902387782,0.000100666902387782,0,0,TRUE,"Caudoviricetes",FALSE,"",FALSE,"",FALSE,""
"vOTU0202","Caudoviricetes","Unclassified","Unclassified","Unclassified","Rare","Abundant","Rare","Not detected","Low-quality","virulent",0,"FCH3CGLCCXYL2DAA_NODE_338",11911,0.825521248255203,8.25521248255202e-07,22537.3855439699,0.0225373855439699,226.34506269905,0.00022634506269905,0,0,TRUE,"Caudoviricetes",FALSE,"",FALSE,"",FALSE,""
"vOTU0004","Caudoviricetes","Unclassified","Unclassified","Unclassified","Not detected","Abundant","Abundant","Not detected","Low-quality","virulent",0,"FCH3CGLCCXYL2EAA_NODE_903",5921,0,0,14281.8465437664,0.0142818465437664,27078.620000749,0.027078620000749,0,0,TRUE,"Caudoviricetes",FALSE,"",FALSE,"",FALSE,""
"vOTU0255","Caudoviricetes","Unclassified","Unclassified","Unclassified","Not detected","Abundant","Rare","Not detected","Low-quality","temperate",0,"FCH3CGLCCXYL2DAA_NODE_474",10485,0,0,14344.9937556811,0.0143449937556811,121.0018247452,0.0001210018247452,0,0,TRUE,"Caudoviricetes",FALSE,"",FALSE,"",FALSE,""
"vOTU0019","Caudoviricetes","Unclassified","Unclassified","Unclassified","Not detected","Abundant","Rare","Not detected","Medium-quality","temperate",1,"FCH3CGLCCXYL2DAA_NODE_5",48137,0,0,63936.9589070832,0.0639369589070832,401.930981305094,0.000401930981305094,0,0,TRUE,"Caudoviricetes",FALSE,"",FALSE,"",FALSE,""
"vOTU0023","Caudoviricetes","Unclassified","Unclassified","Unclassified","Not detected","Abundant","Rare","Not detected","Medium-quality","virulent",1,"FCH3CGLCCXYL2DAA_NODE_51",42285,0,0,31867.0785222198,0.0318670785222197,210.025663057523,0.000210025663057523,0,0,TRUE,"Caudoviricetes",FALSE,"",FALSE,"",FALSE,""
"vOTU0362","Caudoviricetes","Unclassified","Unclassified","Unclassified","Not detected","Abundant","Intermediate","Not detected","Low-quality","virulent",0,"FCH3CGLCCXYL2DAA_NODE_710",8621,0,0,17574.3387989687,0.0175743387989687,5702.62236941785,0.00570262236941785,0,0,TRUE,"Caudoviricetes",FALSE,"",FALSE,"",FALSE,""
"vOTU0053","Caudoviricetes","Unclassified","Unclassified","Unclassified","Not detected","Abundant","Rare","Not detected","Medium-quality","virulent",1,"FCH3CGLCCXYL2DAA_NODE_77",27047,0,0,20607.3054195919,0.0206073054195919,87.9513987490215,8.79513987490215e-05,0,0,TRUE,"Caudoviricetes",FALSE,"",FALSE,"",FALSE,""
"vOTU0462","Caudoviricetes","Unclassified","Unclassified","Unclassified","Not detected","Abundant","Rare","Not detected","Low-quality","virulent",0,"FCH3CGLCCXYL2DAA_NODE_898",7600,0,0,17443.4012479119,0.0174434012479119,333.869677594269,0.000333869677594269,0,0,TRUE,"Caudoviricetes",FALSE,"",FALSE,"",FALSE,""
"vOTU0478","Caudoviricetes","Unclassified","Herelleviridae","Unclassified","Not detected","Abundant","Rare","Not detected","Low-quality","virulent",0,"FCH3CGLCCXYL2DAA_NODE_928",7487,0,0,18530.2291442088,0.0185302291442088,63.5453683689317,6.35453683689317e-05,0,0,TRUE,"Caudoviricetes",FALSE,"[Order]_Herelleviridae",TRUE,"Herelleviridae",FALSE,""
"vOTU0774","Caudoviricetes","Unclassified","Unclassified","Unclassified","Not detected","Intermediate","Abundant","Not detected","Low-quality","virulent",0,"FCH3CGLCCXYL2EAA_NODE_1013",5597,0,0,2596.78850535356,0.00259678850535356,158899.720822961,0.158899720822961,0,0,TRUE,"Caudoviricetes",FALSE,"",FALSE,"",FALSE,""
"vOTU0961","Caudoviricetes","Unclassified","Unclassified","Unclassified","Not detected","Rare","Abundant","Not detected","Low-quality","virulent",0,"FCH3CGLCCXYL2EAA_NODE_1258",5007,0,0,87.9630633601145,8.79630633601145e-05,11624.0888028,0.0116240888028,0,0,TRUE,"Caudoviricetes",FALSE,"",FALSE,"",FALSE,""
"vOTU0086","Caudoviricetes","Unclassified","Unclassified","Unclassified","Not detected","Rare","Abundant","Rare","Low-quality","virulent",0,"FCH3CGLCCXYL2EAA_NODE_140",18593,0,0,142.1280883546,0.0001421280883546,33350.1475690607,0.0333501475690607,110.791905408706,0.000110791905408706,TRUE,"Caudoviricetes",FALSE,"",FALSE,"",FALSE,""
"vOTU0021","Caudoviricetes","Unclassified","Unclassified","Unclassified","Not detected","Rare","Abundant","Not detected","Medium-quality","temperate",1,"FCH3CGLCCXYL2EAA_NODE_15",44995,0,0,78.3075612198697,7.83075612198696e-05,19920.8737465899,0.0199208737465899,0,0,TRUE,"Caudoviricetes",FALSE,"",FALSE,"",FALSE,""
"vOTU0064","Caudoviricetes","Unclassified","Unclassified","Unclassified","Not detected","Rare","Abundant","Not detected","Low-quality","virulent",0,"FCH3CGLCCXYL2EAA_NODE_16",22246,0,0,118.789276642846,0.000118789276642846,20623.7198862341,0.0206237198862341,0,0,TRUE,"Caudoviricetes",FALSE,"",FALSE,"",FALSE,""
"vOTU0120","Caudoviricetes","Unclassified","Unclassified","Unclassified","Not detected","Rare","Abundant","Rare","Medium-quality","virulent",1,"FCH3CGLCCXYL2EAA_NODE_181",15294,0,0,28.7976301876672,2.87976301876672e-05,16912.3299840296,0.0169123299840296,9.62073306251397,9.62073306251397e-06,TRUE,"Caudoviricetes",FALSE,"",FALSE,"",FALSE,""
"vOTU0133","Tectiliviricetes","Kalamavirales","Tectiviridae","Unclassified","Not detected","Rare","Abundant","Not detected","Low-quality","virulent",0,"FCH3CGLCCXYL2EAA_NODE_187",14671,0,0,150.102730724962,0.000150102730724962,63982.1832262475,0.0639821832262475,0,0,TRUE,"Tectiliviricetes",TRUE,"Kalamavirales",TRUE,"Tectiviridae",FALSE,""
"vOTU0135","Caudoviricetes","Unclassified","Unclassified","Unclassified","Not detected","Rare","Abundant","Not detected","Low-quality","virulent",0,"FCH3CGLCCXYL2EAA_NODE_188",14658,0,0,30.0471528530377,3.00471528530377e-05,10343.1701631805,0.0103431701631805,0,0,TRUE,"Caudoviricetes",FALSE,"",FALSE,"",FALSE,""
"vOTU0154","Caudoviricetes","Unclassified","Unclassified","Unclassified","Not detected","Rare","Abundant","Rare","Low-quality","virulent",0,"FCH3CGLCCXYL2EAA_NODE_206",13937,0,0,126.406273820596,0.000126406273820596,61468.9410081829,0.0614689410081829,10.5574747784744,1.05574747784744e-05,TRUE,"Caudoviricetes",FALSE,"",FALSE,"",FALSE,""
"vOTU0166","Caudoviricetes","Unclassified","Unclassified","Unclassified","Not detected","Rare","Abundant","Rare","Low-quality","virulent",0,"FCH3CGLCCXYL2EAA_NODE_214",13482,0,0,326.680978465771,0.000326680978465771,43405.279214332,0.043405279214332,65.4826552785086,6.54826552785086e-05,TRUE,"Caudoviricetes",FALSE,"",FALSE,"",FALSE,""
"vOTU0180","Caudoviricetes","Unclassified","Unclassified","Unclassified","Rare","Rare","Abundant","Rare","Low-quality","virulent",0,"FCH3CGLCCXYL2EAA_NODE_222",12866,3.05698626727628,3.05698626727628e-06,239.625239848188,0.000239625239848188,14396.9223404947,0.0143969223404947,11.4363058201038,1.14363058201038e-05,TRUE,"Caudoviricetes",FALSE,"",FALSE,"",FALSE,""
"vOTU0189","Caudoviricetes","Unclassified","Unclassified","Unclassified","Rare","Rare","Abundant","Not detected","Low-quality","virulent",0,"FCH3CGLCCXYL2EAA_NODE_236",12366,1.59029332075512,1.59029332075511e-06,730.133993077704,0.000730133993077704,17659.3721861542,0.0176593721861542,0,0,TRUE,"Caudoviricetes",FALSE,"",FALSE,"",FALSE,""
"vOTU0200","Caudoviricetes","Unclassified","Unclassified","Unclassified","Not detected","Rare","Abundant","Rare","Low-quality","virulent",0,"FCH3CGLCCXYL2EAA_NODE_246",12050,0,0,109.650889537862,0.000109650889537862,45852.3507799658,0.0458523507799658,232.004127343486,0.000232004127343486,TRUE,"Caudoviricetes",FALSE,"",FALSE,"",FALSE,""
"vOTU0205","Caudoviricetes","Unclassified","Unclassified","Unclassified","Not detected","Rare","Abundant","Rare","Low-quality","virulent",0,"FCH3CGLCCXYL2EAA_NODE_256",11834,0,0,260.522102763437,0.000260522102763437,39935.1425609966,0.0399351425609966,285.973381807558,0.000285973381807558,TRUE,"Caudoviricetes",FALSE,"",FALSE,"",FALSE,""
"vOTU0215","Caudoviricetes","Unclassified","Unclassified","Unclassified","Not detected","Not detected","Abundant","Not detected","Low-quality","virulent",0,"FCH3CGLCCXYL2EAA_NODE_267",11600,0,0,0,0,15640.0634566371,0.0156400634566371,0,0,TRUE,"Caudoviricetes",FALSE,"",FALSE,"",FALSE,""
"vOTU0273","Caudoviricetes","Unclassified","Unclassified","Unclassified","Not detected","Rare","Abundant","Not detected","Low-quality","virulent",0,"FCH3CGLCCXYL2EAA_NODE_331",10077,0,0,43.7065928568291,4.37065928568291e-05,12495.672044477,0.012495672044477,0,0,TRUE,"Caudoviricetes",FALSE,"",FALSE,"",FALSE,""
"vOTU0012","Caudoviricetes","Unclassified","Unclassified","Unclassified","Not detected","Rare","Abundant","Not detected","Complete","virulent",1,"FCH3CGLCCXYL2EAA_NODE_35",63369,0,0,90.3534005533893,9.03534005533893e-05,25348.9647276688,0.0253489647276688,0,0,TRUE,"Caudoviricetes",FALSE,"",FALSE,"",FALSE,""
"vOTU0316","Caudoviricetes","Unclassified","Unclassified","Unclassified","Not detected","Rare","Abundant","Rare","Not-determined","virulent",0,"FCH3CGLCCXYL2EAA_NODE_387",9316,0,0,283.6610989711,0.000283661098971099,41825.9795130283,0.0418259795130283,15.7942827587069,1.57942827587069e-05,TRUE,"Caudoviricetes",FALSE,"",FALSE,"",FALSE,""
"vOTU0405","Caudoviricetes","Unclassified","Unclassified","Unclassified","Not detected","Rare","Intermediate","Not detected","Low-quality","virulent",0,"FCH3CGLCCXYL2EAA_NODE_483",8230,0,0,107.030677288504,0.000107030677288504,9846.71928846022,0.00984671928846021,0,0,TRUE,"Caudoviricetes",FALSE,"",FALSE,"",FALSE,""
"vOTU0423","Caudoviricetes","Unclassified","Unclassified","Unclassified","Not detected","Rare","Abundant","Not detected","Medium-quality","virulent",1,"FCH3CGLCCXYL2EAA_NODE_498",8104,0,0,244.563326429481,0.000244563326429481,11761.031713299,0.011761031713299,0,0,TRUE,"Caudoviricetes",FALSE,"",FALSE,"",FALSE,""
"vOTU0443","Caudoviricetes","Unclassified","Unclassified","Unclassified","Not detected","Intermediate","Abundant","Not detected","Low-quality","virulent",0,"FCH3CGLCCXYL2EAA_NODE_519",7901,0,0,1226.3624110613,0.0012263624110613,17261.830022187,0.017261830022187,0,0,TRUE,"Caudoviricetes",FALSE,"",FALSE,"",FALSE,""
"vOTU0459","Caudoviricetes","Unclassified","Unclassified","Unclassified","Not detected","Rare","Abundant","Not detected","Low-quality","virulent",0,"FCH3CGLCCXYL2EAA_NODE_556",7635,0,0,57.6858267041046,5.76858267041046e-05,13085.85199262,0.01308585199262,0,0,TRUE,"Caudoviricetes",FALSE,"",FALSE,"",FALSE,""
"vOTU0500","Caudoviricetes","Unclassified","Unclassified","Unclassified","Rare","Rare","Abundant","Rare","Low-quality","virulent",0,"FCH3CGLCCXYL2EAA_NODE_612",7285,70.1860066362769,7.01860066362768e-05,332.515091896755,0.000332515091896755,14520.0051405451,0.0145200051405451,80.790372241635,8.0790372241635e-05,TRUE,"Caudoviricetes",FALSE,"",FALSE,"",FALSE,""
"vOTU0558","Caudoviricetes","Unclassified","Unclassified","Unclassified","Not detected","Rare","Abundant","Not detected","Not-determined","virulent",0,"FCH3CGLCCXYL2EAA_NODE_701",6760,0,0,456.06773184487,0.00045606773184487,39130.8970530365,0.0391308970530365,0,0,TRUE,"Caudoviricetes",FALSE,"",FALSE,"",FALSE,""
"vOTU0038","Caudoviricetes","Unclassified","Unclassified","Unclassified","Not detected","Rare","Abundant","Not detected","Medium-quality","virulent",1,"FCH3CGLCCXYL2EAA_NODE_72",35580,0,0,61.8930520863219,6.18930520863219e-05,29047.7391340829,0.0290477391340829,0,0,TRUE,"Caudoviricetes",FALSE,"",FALSE,"",FALSE,""
"vOTU0609","Caudoviricetes","Unclassified","Unclassified","Unclassified","Not detected","Rare","Intermediate","Not detected","Not-determined","virulent",0,"FCH3CGLCCXYL2EAA_NODE_780",6399,0,0,68.8280880887402,6.88280880887402e-05,9516.77316676035,0.00951677316676035,0,0,TRUE,"Caudoviricetes",FALSE,"",FALSE,"",FALSE,""
"vOTU0632","Caudoviricetes","Unclassified","Unclassified","Unclassified","Not detected","Intermediate","Abundant","Not detected","Not-determined","virulent",0,"FCH3CGLCCXYL2EAA_NODE_821",6258,0,0,3448.56527475216,0.00344856527475216,10542.1277333276,0.0105421277333276,0,0,TRUE,"Caudoviricetes",FALSE,"",FALSE,"",FALSE,""
"vOTU0697","Caudoviricetes","Unclassified","Unclassified","Unclassified","Rare","Rare","Abundant","Not detected","Low-quality","temperate",0,"FCH3CGLCCXYL2EAA_NODE_913",5900,149.991676987476,0.000149991676987476,223.948007685442,0.000223948007685442,16127.6018702281,0.0161276018702281,0,0,TRUE,"Caudoviricetes",FALSE,"",FALSE,"",FALSE,""
"vOTU0700","Caudoviricetes","Unclassified","Unclassified","Unclassified","Not detected","Not detected","Intermediate","Not detected","Low-quality","virulent",0,"FCH3CGLCCXYL2EAA_NODE_918",5890,0,0,0,0,9881.45893199519,0.00988145893199519,0,0,TRUE,"Caudoviricetes",FALSE,"",FALSE,"",FALSE,""
"vOTU0708","Caudoviricetes","Unclassified","Unclassified","Unclassified","Not detected","Intermediate","Abundant","Not detected","Not-determined","virulent",0,"FCH3CGLCCXYL2EAA_NODE_925",5871,0,0,8364.51978666742,0.00836451978666741,22095.8990724976,0.0220958990724976,0,0,TRUE,"Caudoviricetes",FALSE,"",FALSE,"",FALSE,""
"vOTU0725","Caudoviricetes","Unclassified","Unclassified","Unclassified","Not detected","Rare","Abundant","Rare","Low-quality","virulent",0,"FCH3CGLCCXYL2EAA_NODE_948",5798,0,0,265.869260824457,0.000265869260824457,33615.8544354372,0.0336158544354372,25.3776346742823,2.53776346742823e-05,TRUE,"Caudoviricetes",FALSE,"",FALSE,"",FALSE,""
"vOTU0007","Caudoviricetes","Unclassified","Unclassified","Unclassified","Intermediate","Rare","Not detected","Not detected","Medium-quality","virulent",1,"FCH3CGLCCXYL4FAA_NODE_1",98907,2288.81967974562,0.00228881967974562,309.482386196775,0.000309482386196775,0,0,0,0,TRUE,"Caudoviricetes",FALSE,"",FALSE,"",FALSE,""
"vOTU0022","Caudoviricetes","Unclassified","Unclassified","Unclassified","Rare","Rare","Not detected","Not detected","Low-quality","virulent",0,"FCH3CGLCCXYL4FAA_NODE_10",44587,813.977500317438,0.000813977500317437,128.414278306548,0.000128414278306548,0,0,0,0,TRUE,"Caudoviricetes",FALSE,"",FALSE,"",FALSE,""
"vOTU0112","Caudoviricetes","Unclassified","Unclassified","Unclassified","Rare","Rare","Not detected","Not detected","Low-quality","virulent",0,"FCH3CGLCCXYL4FAA_NODE_100",15789,682.54674389813,0.000682546743898129,139.474042068688,0.000139474042068688,0,0,0,0,TRUE,"Caudoviricetes",FALSE,"",FALSE,"",FALSE,""
"vOTU0909","Caudoviricetes","Unclassified","Unclassified","Unclassified","Rare","Not detected","Not detected","Not detected","Low-quality","virulent",0,"FCH3CGLCCXYL4FAA_NODE_1000",5151,366.510335861314,0.000366510335861313,0,0,0,0,0,0,TRUE,"Caudoviricetes",FALSE,"",FALSE,"",FALSE,""
"vOTU0910","Caudoviricetes","Unclassified","Unclassified","Unclassified","Intermediate","Not detected","Not detected","Not detected","Low-quality","virulent",0,"FCH3CGLCCXYL4FAA_NODE_1001",5149,1042.6689440203,0.0010426689440203,0,0,0,0,0,0,TRUE,"Caudoviricetes",FALSE,"",FALSE,"",FALSE,""
"vOTU0911","Caudoviricetes","Unclassified","Unclassified","Unclassified","Intermediate","Rare","Not detected","Not detected","Low-quality","virulent",0,"FCH3CGLCCXYL4FAA_NODE_1003",5145,1920.69006733735,0.00192069006733735,85.6037186896208,8.56037186896208e-05,0,0,0,0,TRUE,"Caudoviricetes",FALSE,"",FALSE,"",FALSE,""
"vOTU0912","Caudoviricetes","Unclassified","Unclassified","Unclassified","Rare","Rare","Not detected","Not detected","Low-quality","virulent",0,"FCH3CGLCCXYL4FAA_NODE_1004",5144,496.991610773627,0.000496991610773626,342.481477796443,0.000342481477796443,0,0,0,0,TRUE,"Caudoviricetes",FALSE,"",FALSE,"",FALSE,""
"vOTU0913","Caudoviricetes","Unclassified","Unclassified","Unclassified","Rare","Rare","Not detected","Not detected","Low-quality","virulent",0,"FCH3CGLCCXYL4FAA_NODE_1005",5143,661.509810736993,0.000661509810736992,171.273989295515,0.000171273989295515,0,0,0,0,TRUE,"Caudoviricetes",FALSE,"",FALSE,"",FALSE,""
"vOTU0914","Caudoviricetes","Unclassified","Unclassified","Unclassified","Rare","Not detected","Not detected","Not detected","Low-quality","virulent",0,"FCH3CGLCCXYL4FAA_NODE_1006",5124,625.583198416464,0.000625583198416463,0,0,0,0,0,0,TRUE,"Caudoviricetes",FALSE,"",FALSE,"",FALSE,""
"vOTU0915","Caudoviricetes","Unclassified","Unclassified","Myxoctovirus","Intermediate","Intermediate","Not detected","Rare","Low-quality","virulent",0,"FCH3CGLCCXYL4FAA_NODE_1007",5122,3530.35938774549,0.00353035938774549,1590.78101420258,0.00159078101420258,0,0,459.631544349946,0.000459631544349946,TRUE,"Caudoviricetes",FALSE,"[Order]_Myxoctovirus",FALSE,"[Family]_Myxoctovirus",TRUE,"Myxoctovirus"
"vOTU0916","Caudoviricetes","Unclassified","Unclassified","Unclassified","Rare","Rare","Not detected","Not detected","Low-quality","virulent",0,"FCH3CGLCCXYL4FAA_NODE_1008",5119,509.022994427548,0.000509022994427548,86.0385597597668,8.60385597597668e-05,0,0,0,0,TRUE,"Caudoviricetes",FALSE,"",FALSE,"",FALSE,""
"vOTU0917","Caudoviricetes","Unclassified","Unclassified","Unclassified","Intermediate","Intermediate","Rare","Rare","Low-quality","virulent",0,"FCH3CGLCCXYL4FAA_NODE_1009",5116,4676.14776623785,0.00467614776623784,1033.06803197314,0.00103306803197314,61.996902465523,6.1996902465523e-05,57.5212947311775,5.75212947311775e-05,TRUE,"Caudoviricetes",FALSE,"",FALSE,"",FALSE,""
"vOTU0918","Caudoviricetes","Unclassified","Unclassified","Unclassified","Rare","Rare","Not detected","Not detected","Low-quality","virulent",0,"FCH3CGLCCXYL4FAA_NODE_1010",5113,980.778755816368,0.000980778755816366,172.27899906174,0.00017227899906174,0,0,0,0,TRUE,"Caudoviricetes",FALSE,"",FALSE,"",FALSE,""
"vOTU0919","Caudoviricetes","Unclassified","Unclassified","Unclassified","Intermediate","Rare","Rare","Not detected","Low-quality","virulent",0,"FCH3CGLCCXYL4FAA_NODE_1011",5111,3068.53852397194,0.00306853852397193,129.25985657139,0.00012925985657139,62.0575376432523,6.20575376432523e-05,0,0,TRUE,"Caudoviricetes",FALSE,"",FALSE,"",FALSE,""
"vOTU0920","Caudoviricetes","Unclassified","Unclassified","Unclassified","Rare","Rare","Not detected","Not detected","Low-quality","virulent",0,"FCH3CGLCCXYL4FAA_NODE_1012",5106,485.284422779412,0.000485284422779411,258.772663250362,0.000258772663250362,0,0,0,0,TRUE,"Caudoviricetes",FALSE,"",FALSE,"",FALSE,""
"vOTU0921","Caudoviricetes","Unclassified","Unclassified","Unclassified","Rare","Not detected","Not detected","Not detected","Low-quality","virulent",0,"FCH3CGLCCXYL4FAA_NODE_1014",5102,296.795254220068,0.000296795254220067,0,0,0,0,0,0,TRUE,"Caudoviricetes",FALSE,"",FALSE,"",FALSE,""
"vOTU0922","Caudoviricetes","Unclassified","Unclassified","Unclassified","Rare","Not detected","Not detected","Not detected","Low-quality","virulent",0,"FCH3CGLCCXYL4FAA_NODE_1015",5101,495.398315898645,0.000495398315898645,0,0,0,0,0,0,TRUE,"Caudoviricetes",FALSE,"",FALSE,"",FALSE,""
"vOTU0923","Caudoviricetes","Unclassified","Unclassified","Unclassified","Intermediate","Rare","Not detected","Rare","Low-quality","virulent",0,"FCH3CGLCCXYL4FAA_NODE_1016",5100,3559.08351627615,0.00355908351627614,431.795431737161,0.00043179543173716,0,0,86.5526713818591,8.65526713818591e-05,TRUE,"Caudoviricetes",FALSE,"",FALSE,"",FALSE,""
"vOTU0924","Caudoviricetes","Unclassified","Unclassified","Unclassified","Rare","Rare","Not detected","Not detected","Low-quality","virulent",0,"FCH3CGLCCXYL4FAA_NODE_1017",5099,917.907016477118,0.000917907016477116,172.752013121629,0.000172752013121629,0,0,0,0,TRUE,"Caudoviricetes",FALSE,"",FALSE,"",FALSE,""
"vOTU0925","Caudoviricetes","Unclassified","Unclassified","Unclassified","Rare","Rare","Not detected","Not detected","Low-quality","virulent",0,"FCH3CGLCCXYL4FAA_NODE_1019",5097,640.472182494226,0.000640472182494225,172.819747226915,0.000172819747226915,0,0,0,0,TRUE,"Caudoviricetes",FALSE,"",FALSE,"",FALSE,""
"vOTU0116","Caudoviricetes","Unclassified","Unclassified","Unclassified","Rare","Rare","Rare","Rare","Low-quality","virulent",0,"FCH3CGLCCXYL4FAA_NODE_102",15538,764.448907478485,0.000764448907478484,269.281505631601,0.000269281505631601,10.206468626311,1.0206468626311e-05,47.3482696445788,4.73482696445788e-05,TRUE,"Caudoviricetes",FALSE,"",FALSE,"",FALSE,""
"vOTU0926","Caudoviricetes","Unclassified","Unclassified","Unclassified","Intermediate","Rare","Not detected","Not detected","Low-quality","virulent",0,"FCH3CGLCCXYL4FAA_NODE_1021",5094,1250.81442187634,0.00125081442187634,345.843090832694,0.000345843090832694,0,0,0,0,TRUE,"Caudoviricetes",FALSE,"",FALSE,"",FALSE,""
"vOTU0927","Caudoviricetes","Unclassified","Unclassified","Unclassified","Rare","Rare","Rare","Not detected","Low-quality","virulent",0,"FCH3CGLCCXYL4FAA_NODE_1022",5093,540.581426163262,0.000540581426163261,172.955607370422,0.000172955607370422,62.2768999565989,6.22768999565989e-05,0,0,TRUE,"Caudoviricetes",FALSE,"",FALSE,"",FALSE,""
"vOTU0928","Caudoviricetes","Unclassified","Unclassified","Unclassified","Rare","Rare","Not detected","Not detected","Low-quality","virulent",0,"FCH3CGLCCXYL4FAA_NODE_1023",5086,514.259044348629,0.000514259044348628,173.193608644678,0.000173193608644678,0,0,0,0,TRUE,"Caudoviricetes",FALSE,"",FALSE,"",FALSE,""
"vOTU0929","Caudoviricetes","Unclassified","Unclassified","Unclassified","Rare","Rare","Not detected","Not detected","Low-quality","virulent",0,"FCH3CGLCCXYL4FAA_NODE_1024",5085,475.68668769151,0.000475686687691509,86.6137852427245,8.66137852427245e-05,0,0,0,0,TRUE,"Caudoviricetes",FALSE,"",FALSE,"",FALSE,""
"vOTU0930","Caudoviricetes","Unclassified","Unclassified","Unclassified","Rare","Not detected","Not detected","Not detected","Low-quality","virulent",0,"FCH3CGLCCXYL4FAA_NODE_1025",5077,799.870602915429,0.000799870602915428,0,0,0,0,0,0,TRUE,"Caudoviricetes",FALSE,"",FALSE,"",FALSE,""
"vOTU0931","Caudoviricetes","Unclassified","Zobellviridae","Unclassified","Rare","Rare","Not detected","Not detected","Low-quality","virulent",0,"FCH3CGLCCXYL4FAA_NODE_1026",5076,809.713773723825,0.000809713773723824,260.302066502043,0.000260302066502043,0,0,0,0,TRUE,"Caudoviricetes",FALSE,"[Order]_Zobellviridae",TRUE,"Zobellviridae",FALSE,""
"vOTU0932","Caudoviricetes","Unclassified","Unclassified","Inhavirus","Rare","Rare","Not detected","Not detected","Low-quality","virulent",0,"FCH3CGLCCXYL4FAA_NODE_1028",5075,873.810198959006,0.000873810198959005,347.138088368776,0.000347138088368775,0,0,0,0,TRUE,"Caudoviricetes",FALSE,"[Order]_Inhavirus",FALSE,"[Family]_Inhavirus",TRUE,"Inhavirus"
"vOTU0117","Caudoviricetes","Unclassified","Unclassified","Unclassified","Rare","Rare","Rare","Not detected","Low-quality","virulent",0,"FCH3CGLCCXYL4FAA_NODE_103",15529,807.94893749615,0.000807948937496149,85.0855940010406,8.50855940010406e-05,20.4247651725796,2.04247651725796e-05,0,0,TRUE,"Caudoviricetes",FALSE,"",FALSE,"",FALSE,""
"vOTU0933","Caudoviricetes","Unclassified","Unclassified","Unclassified","Intermediate","Rare","Not detected","Not detected","Low-quality","virulent",0,"FCH3CGLCCXYL4FAA_NODE_1030",5074,1939.81545411015,0.00193981545411015,173.60323181261,0.00017360323181261,0,0,0,0,TRUE,"Caudoviricetes",FALSE,"",FALSE,"",FALSE,""
"vOTU0934","Caudoviricetes","Unclassified","Unclassified","Unclassified","Rare","Rare","Not detected","Not detected","Low-quality","virulent",0,"FCH3CGLCCXYL4FAA_NODE_1032",5072,571.899119971569,0.000571899119971568,86.8358514611092,8.68358514611092e-05,0,0,0,0,TRUE,"Caudoviricetes",FALSE,"",FALSE,"",FALSE,""
"vOTU0935","Caudoviricetes","Unclassified","Unclassified","Unclassified","Intermediate","Rare","Rare","Not detected","Low-quality","virulent",0,"FCH3CGLCCXYL4FAA_NODE_1036",5060,1397.18933747386,0.00139718933747386,87.0417184949063,8.70417184949062e-05,31.3415333440212,3.13415333440212e-05,0,0,TRUE,"Caudoviricetes",FALSE,"",FALSE,"",FALSE,""
"vOTU0937","Caudoviricetes","Unclassified","Unclassified","Unclassified","Intermediate","Rare","Not detected","Not detected","Low-quality","virulent",0,"FCH3CGLCCXYL4FAA_NODE_1037",5058,1201.39625114328,0.00120139625114328,478.918976856484,0.000478918976856484,0,0,0,0,TRUE,"Caudoviricetes",FALSE,"",FALSE,"",FALSE,""
"vOTU0938","Caudoviricetes","Unclassified","Unclassified","Unclassified","Rare","Not detected","Not detected","Not detected","Low-quality","virulent",0,"FCH3CGLCCXYL4FAA_NODE_1038",5058,404.353551888244,0.000404353551888243,0,0,0,0,0,0,TRUE,"Caudoviricetes",FALSE,"",FALSE,"",FALSE,""
"vOTU0939","Caudoviricetes","Unclassified","Unclassified","Inhavirus","Intermediate","Rare","Not detected","Not detected","Low-quality","virulent",0,"FCH3CGLCCXYL4FAA_NODE_1039",5056,1353.56445641439,0.00135356445641439,261.331795734033,0.000261331795734033,0,0,0,0,TRUE,"Caudoviricetes",FALSE,"[Order]_Inhavirus",FALSE,"[Family]_Inhavirus",TRUE,"Inhavirus"
"vOTU0940","Caudoviricetes","Unclassified","Unclassified","Unclassified","Intermediate","Rare","Not detected","Not detected","Low-quality","virulent",0,"FCH3CGLCCXYL4FAA_NODE_1040",5051,1140.76708482671,0.00114076708482671,435.984193670067,0.000435984193670067,0,0,0,0,TRUE,"Caudoviricetes",FALSE,"",FALSE,"",FALSE,""
"vOTU0941","Caudoviricetes","Unclassified","Unclassified","Unclassified","Rare","Not detected","Not detected","Not detected","Low-quality","virulent",0,"FCH3CGLCCXYL4FAA_NODE_1041",5050,753.522943300068,0.000753522943300067,0,0,0,0,0,0,TRUE,"Caudoviricetes",FALSE,"",FALSE,"",FALSE,""
"vOTU0942","Caudoviricetes","Unclassified","Unclassified","Unclassified","Rare","Not detected","Not detected","Not detected","Low-quality","virulent",0,"FCH3CGLCCXYL4FAA_NODE_1042",5049,613.45404793599,0.00061345404793599,0,0,0,0,0,0,TRUE,"Caudoviricetes",FALSE,"",FALSE,"",FALSE,""
"vOTU0943","Caudoviricetes","Unclassified","Unclassified","Unclassified","Intermediate","Rare","Not detected","Not detected","Not-determined","virulent",0,"FCH3CGLCCXYL4FAA_NODE_1043",5048,1077.16601311061,0.00107716601311061,174.497403371075,0.000174497403371075,0,0,0,0,TRUE,"Caudoviricetes",FALSE,"",FALSE,"",FALSE,""
"vOTU0944","Caudoviricetes","Unclassified","Unclassified","Unclassified","Rare","Rare","Not detected","Intermediate","Low-quality","virulent",0,"FCH3CGLCCXYL4FAA_NODE_1045",5044,462.008703592062,0.000462008703592062,43.6589367941362,4.36589367941362e-05,0,0,1341.87472719695,0.00134187472719695,TRUE,"Caudoviricetes",FALSE,"",FALSE,"",FALSE,""
"vOTU0946","Caudoviricetes","Unclassified","Unclassified","Unclassified","Rare","Not detected","Not detected","Not detected","Low-quality","virulent",0,"FCH3CGLCCXYL4FAA_NODE_1046",5040,419.454248243263,0.000419454248243263,0,0,0,0,0,0,TRUE,"Caudoviricetes",FALSE,"",FALSE,"",FALSE,""
"vOTU0947","Caudoviricetes","Unclassified","Unclassified","Unclassified","Intermediate","Intermediate","Not detected","Intermediate","Low-quality","virulent",0,"FCH3CGLCCXYL4FAA_NODE_1047",5039,4507.58927247252,0.00450758927247251,1835.49371394152,0.00183549371394152,0,0,1445.4069513784,0.0014454069513784,TRUE,"Caudoviricetes",FALSE,"",FALSE,"",FALSE,""
"vOTU0948","Caudoviricetes","Unclassified","Unclassified","Unclassified","Rare","Rare","Not detected","Rare","Not-determined","virulent",0,"FCH3CGLCCXYL4FAA_NODE_1048",5037,841.36028907993,0.000841360289079929,131.15874607645,0.00013115874607645,0,0,29.2117352055853,2.92117352055853e-05,TRUE,"Caudoviricetes",FALSE,"",FALSE,"",FALSE,""
"vOTU0118","Caudoviricetes","Unclassified","Unclassified","Unclassified","Rare","Rare","Not detected","Not detected","Low-quality","virulent",0,"FCH3CGLCCXYL4FAA_NODE_105",15374,777.080554041005,0.000777080554041004,358.097321333309,0.000358097321333309,0,0,0,0,TRUE,"Caudoviricetes",FALSE,"",FALSE,"",FALSE,""
"vOTU0949","Caudoviricetes","Unclassified","Unclassified","Unclassified","Intermediate","Rare","Not detected","Rare","Low-quality","virulent",0,"FCH3CGLCCXYL4FAA_NODE_1050",5033,1006.13693956811,0.00100613693956811,525.051890184068,0.000525051890184068,0,0,116.939797918999,0.000116939797918999,TRUE,"Caudoviricetes",FALSE,"",FALSE,"",FALSE,""
"vOTU0950","Caudoviricetes","Unclassified","Unclassified","Unclassified","Rare","Not detected","Not detected","Not detected","Low-quality","virulent",0,"FCH3CGLCCXYL4FAA_NODE_1054",5028,565.170538043569,0.000565170538043568,0,0,0,0,0,0,TRUE,"Caudoviricetes",FALSE,"",FALSE,"",FALSE,""
"vOTU0951","Caudoviricetes","Unclassified","Unclassified","Unclassified","Rare","Not detected","Not detected","Not detected","Low-quality","virulent",0,"FCH3CGLCCXYL4FAA_NODE_1055",5028,496.723884504299,0.000496723884504299,0,0,0,0,0,0,TRUE,"Caudoviricetes",FALSE,"",FALSE,"",FALSE,""
"vOTU0952","Caudoviricetes","Unclassified","Unclassified","Unclassified","Rare","Rare","Not detected","Not detected","Low-quality","virulent",0,"FCH3CGLCCXYL4FAA_NODE_1056",5027,819.562409311935,0.000819562409311934,87.6131141114749,8.76131141114749e-05,0,0,0,0,TRUE,"Caudoviricetes",FALSE,"",FALSE,"",FALSE,""
"vOTU0953","Caudoviricetes","Unclassified","Unclassified","Unclassified","Rare","Not detected","Not detected","Not detected","Low-quality","virulent",0,"FCH3CGLCCXYL4FAA_NODE_1057",5025,819.888402596547,0.000819888402596546,0,0,0,0,0,0,TRUE,"Caudoviricetes",FALSE,"",FALSE,"",FALSE,""
"vOTU0954","Caudoviricetes","Unclassified","Unclassified","Unclassified","Intermediate","Rare","Not detected","Not detected","Low-quality","virulent",0,"FCH3CGLCCXYL4FAA_NODE_1059",5016,1166.36926619902,0.00116636926619902,87.8052464520148,8.78052464520148e-05,0,0,0,0,TRUE,"Caudoviricetes",FALSE,"",FALSE,"",FALSE,""
"vOTU0119","Caudoviricetes","Unclassified","Unclassified","Unclassified","Rare","Rare","Not detected","Rare","Low-quality","virulent",0,"FCH3CGLCCXYL4FAA_NODE_106",15319,914.662950666828,0.000914662950666827,287.506408369764,0.000287506408369764,0,0,19.2100666165694,1.92100666165694e-05,TRUE,"Caudoviricetes",FALSE,"",FALSE,"",FALSE,""
"vOTU0955","Caudoviricetes","Unclassified","Unclassified","Unclassified","Rare","Rare","Not detected","Not detected","Low-quality","virulent",0,"FCH3CGLCCXYL4FAA_NODE_1060",5016,791.95539680284,0.000791955396802838,87.8052464520148,8.78052464520148e-05,0,0,0,0,TRUE,"Caudoviricetes",FALSE,"",FALSE,"",FALSE,""
"vOTU0956","Caudoviricetes","Unclassified","Unclassified","Unclassified","Rare","Rare","Not detected","Not detected","Low-quality","virulent",0,"FCH3CGLCCXYL4FAA_NODE_1061",5016,570.443115702739,0.000570443115702738,87.8052464520148,8.78052464520148e-05,0,0,0,0,TRUE,"Caudoviricetes",FALSE,"",FALSE,"",FALSE,""
"vOTU0957","Unclassified","Unclassified","Unclassified","Unclassified","Rare","Not detected","Not detected","Not detected","Not-determined","virulent",0,"FCH3CGLCCXYL4FAA_NODE_1062",5015,325.472213073189,0.000325472213073189,0,0,0,0,0,0,FALSE,,FALSE,,FALSE,,FALSE,
"vOTU0958","Caudoviricetes","Unclassified","Pachyviridae","Unclassified","Intermediate","Rare","Not detected","Not detected","Low-quality","virulent",0,"FCH3CGLCCXYL4FAA_NODE_1063",5013,2241.94625079776,0.00224194625079776,219.644541467191,0.000219644541467191,0,0,0,0,TRUE,"Caudoviricetes",FALSE,"[Order]_Pachyviridae",TRUE,"Pachyviridae",FALSE,""
"vOTU0959","Caudoviricetes","Unclassified","Unclassified","Unclassified","Intermediate","Rare","Not detected","Not detected","Low-quality","virulent",0,"FCH3CGLCCXYL4FAA_NODE_1064",5012,1612.64019516939,0.00161264019516939,527.252210196606,0.000527252210196605,0,0,0,0,TRUE,"Caudoviricetes",FALSE,"",FALSE,"",FALSE,""
"vOTU0960","Caudoviricetes","Unclassified","Unclassified","Unclassified","Rare","Rare","Not detected","Rare","Low-quality","virulent",0,"FCH3CGLCCXYL4FAA_NODE_1066",5008,543.866597663067,0.000543866597663067,87.945532881593,8.7945532881593e-05,0,0,264.427920541632,0.000264427920541632,TRUE,"Caudoviricetes",FALSE,"",FALSE,"",FALSE,""
"vOTU0962","Caudoviricetes","Unclassified","Unclassified","Unclassified","Rare","Not detected","Not detected","Not detected","Low-quality","virulent",0,"FCH3CGLCCXYL4FAA_NODE_1067",5002,536.655509241976,0.000536655509241975,0,0,0,0,0,0,TRUE,"Caudoviricetes",FALSE,"",FALSE,"",FALSE,""
"vOTU0122","Caudoviricetes","Unclassified","Unclassified","Unclassified","Intermediate","Rare","Not detected","Rare","Low-quality","virulent",0,"FCH3CGLCCXYL4FAA_NODE_107",15230,1584.35121170764,0.00158435121170764,853.100437680846,0.000853100437680846,0,0,236.698460290646,0.000236698460290646,TRUE,"Caudoviricetes",FALSE,"",FALSE,"",FALSE,""
"vOTU0123","Caudoviricetes","Unclassified","Unclassified","Unclassified","Intermediate","Rare","Not detected","Not detected","Low-quality","virulent",0,"FCH3CGLCCXYL4FAA_NODE_108",15089,1560.70824973617,0.00156070824973617,437.833350293897,0.000437833350293897,0,0,0,0,TRUE,"Caudoviricetes",FALSE,"",FALSE,"",FALSE,""
"vOTU0125","Caudoviricetes","Unclassified","Unclassified","Unclassified","Rare","Rare","Not detected","Not detected","Low-quality","virulent",0,"FCH3CGLCCXYL4FAA_NODE_109",15037,835.692521561435,0.000835692521561433,87.8695021525106,8.78695021525106e-05,0,0,0,0,TRUE,"Caudoviricetes",FALSE,"",FALSE,"",FALSE,""
"vOTU0024","Caudoviricetes","Unclassified","Unclassified","Unclassified","Intermediate","Rare","Rare","Rare","High-quality","virulent",1,"FCH3CGLCCXYL4FAA_NODE_11",41892,1223.58320884592,0.00122358320884592,688.633833535157,0.000688633833535156,15.1425703701669,1.51425703701669e-05,7.02471014928805,7.02471014928805e-06,TRUE,"Caudoviricetes",FALSE,"",FALSE,"",FALSE,""
"vOTU0127","Caudoviricetes","Unclassified","Unclassified","Unclassified","Rare","Rare","Not detected","Not detected","Low-quality","virulent",0,"FCH3CGLCCXYL4FAA_NODE_110",14980,941.92620935724,0.000941926209357239,470.420571501473,0.000470420571501473,0,0,0,0,TRUE,"Caudoviricetes",FALSE,"",FALSE,"",FALSE,""
"vOTU0128","Caudoviricetes","Unclassified","Unclassified","Unclassified","Intermediate","Rare","Not detected","Rare","Low-quality","virulent",0,"FCH3CGLCCXYL4FAA_NODE_111",14976,1805.56690866659,0.00180556690866659,779.341939784153,0.000779341939784152,0,0,29.4750620713589,2.94750620713589e-05,TRUE,"Caudoviricetes",FALSE,"",FALSE,"",FALSE,""
"vOTU0129","Caudoviricetes","Unclassified","Unclassified","Unclassified","Rare","Rare","Rare","Not detected","Low-quality","virulent",0,"FCH3CGLCCXYL4FAA_NODE_112",14969,734.388256814417,0.000734388256814416,88.2686964962826,8.82686964962826e-05,21.1888708376341,2.11888708376341e-05,0,0,TRUE,"Caudoviricetes",FALSE,"",FALSE,"",FALSE,""
"vOTU0130","Caudoviricetes","Unclassified","Zobellviridae","Unclassified","Rare","Rare","Not detected","Not detected","Low-quality","virulent",0,"FCH3CGLCCXYL4FAA_NODE_113",14953,820.659727491196,0.000820659727491195,368.179668259815,0.000368179668259815,0,0,0,0,TRUE,"Caudoviricetes",FALSE,"[Order]_Zobellviridae",TRUE,"Zobellviridae",FALSE,""
"vOTU0131","Caudoviricetes","Unclassified","Unclassified","Unclassified","Intermediate","Rare","Not detected","Not detected","Low-quality","virulent",0,"FCH3CGLCCXYL4FAA_NODE_114",14877,1074.0262335132,0.0010740262335132,177.629117920469,0.000177629117920469,0,0,0,0,TRUE,"Caudoviricetes",FALSE,"",FALSE,"",FALSE,""
"vOTU0132","Caudoviricetes","Unclassified","Unclassified","Unclassified","Intermediate","Rare","Rare","Rare","Low-quality","virulent",0,"FCH3CGLCCXYL4FAA_NODE_116",14680,1381.81533022814,0.00138181533022813,765.05425897785,0.00076505425897785,21.6060024201819,2.16060024201819e-05,110.254444673967,0.000110254444673967,TRUE,"Caudoviricetes",FALSE,"",FALSE,"",FALSE,""
"vOTU0134","Caudoviricetes","Unclassified","Unclassified","Unclassified","Intermediate","Rare","Not detected","Not detected","Low-quality","virulent",0,"FCH3CGLCCXYL4FAA_NODE_117",14671,1510.0044416387,0.00151000444163869,300.205312345004,0.000300205312345004,0,0,0,0,TRUE,"Caudoviricetes",FALSE,"",FALSE,"",FALSE,""
"vOTU0136","Caudoviricetes","Unclassified","Unclassified","Unclassified","Rare","Not detected","Not detected","Not detected","Low-quality","virulent",0,"FCH3CGLCCXYL4FAA_NODE_118",14602,759.579980499866,0.000759579980499865,0,0,0,0,0,0,TRUE,"Caudoviricetes",FALSE,"",FALSE,"",FALSE,""
"vOTU0137","Caudoviricetes","Unclassified","Unclassified","Unclassified","Rare","Rare","Not detected","Not detected","Low-quality","virulent",0,"FCH3CGLCCXYL4FAA_NODE_119",14596,733.619017164659,0.000733619017164658,30.1747951853493,3.01747951853493e-05,0,0,0,0,TRUE,"Caudoviricetes",FALSE,"",FALSE,"",FALSE,""
"vOTU0025","Caudoviricetes","Unclassified","Unclassified","Unclassified","Intermediate","Rare","Not detected","Not detected","Medium-quality","virulent",1,"FCH3CGLCCXYL4FAA_NODE_12",40833,3442.30596745193,0.00344230596745193,366.72958030561,0.00036672958030561,0,0,0,0,TRUE,"Caudoviricetes",FALSE,"",FALSE,"",FALSE,""
"vOTU0138","Caudoviricetes","Unclassified","Unclassified","Unclassified","Intermediate","Rare","Not detected","Not detected","Low-quality","virulent",0,"FCH3CGLCCXYL4FAA_NODE_120",14595,1154.06435593941,0.00115406435593941,558.271870073249,0.000558271870073249,0,0,0,0,TRUE,"Caudoviricetes",FALSE,"",FALSE,"",FALSE,""
"vOTU0139","Caudoviricetes","Unclassified","Unclassified","Unclassified","Intermediate","Rare","Not detected","Rare","Low-quality","virulent",0,"FCH3CGLCCXYL4FAA_NODE_122",14509,1425.2090367247,0.0014252090367247,394.624490962722,0.000394624490962722,0,0,60.8475416859037,6.08475416859037e-05,TRUE,"Caudoviricetes",FALSE,"",FALSE,"",FALSE,""
"vOTU0140","Caudoviricetes","Unclassified","Unclassified","Unclassified","Rare","Rare","Not detected","Not detected","Low-quality","virulent",0,"FCH3CGLCCXYL4FAA_NODE_123",14500,541.14262069057,0.000541142620690569,440.431098821932,0.000440431098821932,0,0,0,0,TRUE,"Caudoviricetes",FALSE,"",FALSE,"",FALSE,""
"vOTU0141","Caudoviricetes","Unclassified","Unclassified","Unclassified","Intermediate","Rare","Not detected","Not detected","Low-quality","virulent",0,"FCH3CGLCCXYL4FAA_NODE_124",14463,1596.30685543219,0.00159630685543219,152.261331180716,0.000152261331180716,0,0,0,0,TRUE,"Caudoviricetes",FALSE,"",FALSE,"",FALSE,""
"vOTU0142","Caudoviricetes","Unclassified","Unclassified","Unclassified","Intermediate","Rare","Rare","Rare","Low-quality","virulent",0,"FCH3CGLCCXYL4FAA_NODE_125",14435,1509.48840344903,0.00150948840344902,518.692927432585,0.000518692927432585,21.9727169073098,2.19727169073098e-05,30.5797305098797,3.05797305098797e-05,TRUE,"Caudoviricetes",FALSE,"",FALSE,"",FALSE,""
"vOTU0143","Caudoviricetes","Unclassified","Unclassified","Unclassified","Rare","Rare","Not detected","Not detected","Low-quality","virulent",0,"FCH3CGLCCXYL4FAA_NODE_126",14390,768.720543621685,0.000768720543621684,122.426997910916,0.000122426997910916,0,0,0,0,TRUE,"Caudoviricetes",FALSE,"",FALSE,"",FALSE,""
"vOTU0144","Caudoviricetes","Unclassified","Unclassified","Unclassified","Intermediate","Rare","Not detected","Rare","Low-quality","virulent",0,"FCH3CGLCCXYL4FAA_NODE_127",14328,1395.86077282669,0.00139586077282669,92.2175592623014,9.22175592623014e-05,0,0,154.040542171058,0.000154040542171058,TRUE,"Caudoviricetes",FALSE,"",FALSE,"",FALSE,""
"vOTU0145","Caudoviricetes","Unclassified","Kyanoviridae","Unclassified","Rare","Rare","Not detected","Not detected","Low-quality","virulent",0,"FCH3CGLCCXYL4FAA_NODE_129",14303,552.720523501548,0.000552720523501547,153.964633371219,0.000153964633371219,0,0,0,0,TRUE,"Caudoviricetes",FALSE,"[Order]_Kyanoviridae",TRUE,"Kyanoviridae",FALSE,""
"vOTU0026","Caudoviricetes","Unclassified","Unclassified","Unclassified","Intermediate","Rare","Rare","Not detected","Complete","virulent",1,"FCH3CGLCCXYL4FAA_NODE_13",40784,1005.12231213452,0.00100512231213452,86.3929395546184,8.63929395546184e-05,241.086274631058,0.000241086274631058,0,0,TRUE,"Caudoviricetes",FALSE,"",FALSE,"",FALSE,""
"vOTU0147","Caudoviricetes","Unclassified","Autographiviridae","Unclassified","Intermediate","Rare","Not detected","Not detected","Low-quality","virulent",0,"FCH3CGLCCXYL4FAA_NODE_131",14137,1187.27952672512,0.00118727952672512,249.235938089864,0.000249235938089864,0,0,0,0,TRUE,"Caudoviricetes",FALSE,"[Order]_Autographiviridae",TRUE,"Autographiviridae",FALSE,""
"vOTU0148","Caudoviricetes","Unclassified","Unclassified","Unclassified","Intermediate","Rare","Not detected","Rare","Low-quality","virulent",0,"FCH3CGLCCXYL4FAA_NODE_132",14127,1671.16357573445,0.00167116357573445,155.882804272582,0.000155882804272582,0,0,239.555993157978,0.000239555993157978,TRUE,"Caudoviricetes",FALSE,"",FALSE,"",FALSE,""
"vOTU0149","Caudoviricetes","Unclassified","Unclassified","Unclassified","Intermediate","Rare","Not detected","Rare","Low-quality","virulent",0,"FCH3CGLCCXYL4FAA_NODE_133",14047,1009.38877111799,0.00100938877111799,94.0623109007628,9.40623109007627e-05,0,0,52.3739833482418,5.23739833482418e-05,TRUE,"Caudoviricetes",FALSE,"",FALSE,"",FALSE,""
"vOTU0150","Caudoviricetes","Unclassified","Unclassified","Unclassified","Intermediate","Rare","Not detected","Rare","High-quality","virulent",1,"FCH3CGLCCXYL4FAA_NODE_134",13990,2912.58569509715,0.00291258569509714,692.600727346216,0.000692600727346216,0,0,105.174737519741,0.000105174737519741,TRUE,"Caudoviricetes",FALSE,"",FALSE,"",FALSE,""
"vOTU0151","Caudoviricetes","Unclassified","Unclassified","Unclassified","Rare","Rare","Rare","Not detected","Low-quality","virulent",0,"FCH3CGLCCXYL4FAA_NODE_135",13973,934.512324878425,0.000934512324878423,63.0403356377098,6.30403356377098e-05,22.699216846517,2.2699216846517e-05,0,0,TRUE,"Caudoviricetes",FALSE,"",FALSE,"",FALSE,""
"vOTU0152","Caudoviricetes","Unclassified","Unclassified","Unclassified","Rare","Rare","Not detected","Not detected","Low-quality","virulent",0,"FCH3CGLCCXYL4FAA_NODE_136",13973,674.847732140897,0.000674847732140896,220.641137455754,0.000220641137455754,0,0,0,0,TRUE,"Caudoviricetes",FALSE,"",FALSE,"",FALSE,""
"vOTU0153","Caudoviricetes","Unclassified","Unclassified","Unclassified","Rare","Not detected","Not detected","Not detected","Low-quality","virulent",0,"FCH3CGLCCXYL4FAA_NODE_137",13970,680.623381122082,0.000680623381122081,0,0,0,0,0,0,TRUE,"Caudoviricetes",FALSE,"",FALSE,"",FALSE,""
"vOTU0156","Caudoviricetes","Unclassified","Unclassified","Unclassified","Rare","Rare","Rare","Not detected","Low-quality","virulent",0,"FCH3CGLCCXYL4FAA_NODE_138",13889,983.34971895687,0.000983349718956869,126.843181058927,0.000126843181058927,22.8365060047333,2.28365060047333e-05,0,0,TRUE,"Caudoviricetes",FALSE,"",FALSE,"",FALSE,""
"vOTU0157","Caudoviricetes","Unclassified","Unclassified","Unclassified","Rare","Rare","Not detected","Not detected","Low-quality","virulent",0,"FCH3CGLCCXYL4FAA_NODE_139",13887,979.24279319172,0.000979242793191719,285.43830182039,0.00028543830182039,0,0,0,0,TRUE,"Caudoviricetes",FALSE,"",FALSE,"",FALSE,""
"vOTU0027","Caudoviricetes","Unclassified","Unclassified","Unclassified","Rare","Rare","Rare","Not detected","Low-quality","virulent",0,"FCH3CGLCCXYL4FAA_NODE_14",40330,790.426696582812,0.000790426696582811,131.048208208601,0.000131048208208601,7.86451945910294,7.86451945910294e-06,0,0,TRUE,"Caudoviricetes",FALSE,"",FALSE,"",FALSE,""
"vOTU0158","Caudoviricetes","Unclassified","Unclassified","Unclassified","Rare","Rare","Rare","Rare","Low-quality","virulent",0,"FCH3CGLCCXYL4FAA_NODE_140",13856,901.953838455028,0.000901953838455027,127.145233546931,0.000127145233546931,22.8908895442446,2.28908895442446e-05,5.30959831091661,5.30959831091661e-06,TRUE,"Caudoviricetes",FALSE,"",FALSE,"",FALSE,""
"vOTU0159","Caudoviricetes","Unclassified","Unclassified","Unclassified","Abundant","Intermediate","Not detected","Rare","Low-quality","virulent",0,"FCH3CGLCCXYL4FAA_NODE_141",13848,11042.0044613466,0.0110420044613466,1717.45303559309,0.00171745303559309,0,0,127.503920641861,0.000127503920641861,TRUE,"Caudoviricetes",FALSE,"",FALSE,"",FALSE,""
"vOTU0160","Caudoviricetes","Unclassified","Unclassified","Unclassified","Rare","Rare","Not detected","Not detected","Low-quality","virulent",0,"FCH3CGLCCXYL4FAA_NODE_142",13842,853.851792804781,0.00085385179280478,95.4554152144567,9.54554152144566e-05,0,0,0,0,TRUE,"Caudoviricetes",FALSE,"",FALSE,"",FALSE,""
"vOTU0161","Caudoviricetes","Unclassified","Unclassified","Unclassified","Intermediate","Rare","Not detected","Not detected","Low-quality","virulent",0,"FCH3CGLCCXYL4FAA_NODE_143",13646,2114.84985564671,0.0021148498556467,225.928429891154,0.000225928429891154,0,0,0,0,TRUE,"Caudoviricetes",FALSE,"",FALSE,"",FALSE,""
"vOTU0162","Caudoviricetes","Unclassified","Unclassified","Unclassified","Rare","Rare","Not detected","Not detected","Low-quality","virulent",0,"FCH3CGLCCXYL4FAA_NODE_144",13644,992.359319112207,0.000992359319112206,161.401113481743,0.000161401113481743,0,0,0,0,TRUE,"Caudoviricetes",FALSE,"",FALSE,"",FALSE,""
"vOTU0164","Caudoviricetes","Unclassified","Unclassified","Unclassified","Intermediate","Rare","Not detected","Rare","Low-quality","virulent",0,"FCH3CGLCCXYL4FAA_NODE_145",13589,1015.18925129121,0.00101518925129121,162.05429953747,0.00016205429953747,0,0,54.139210333735,5.4139210333735e-05,TRUE,"Caudoviricetes",FALSE,"",FALSE,"",FALSE,""
"vOTU0165","Caudoviricetes","Unclassified","Unclassified","Unclassified","Rare","Rare","Not detected","Not detected","Low-quality","virulent",0,"FCH3CGLCCXYL4FAA_NODE_146",13529,754.411736990238,0.000754411736990237,162.772985254744,0.000162772985254744,0,0,0,0,TRUE,"Caudoviricetes",FALSE,"",FALSE,"",FALSE,""
"vOTU0168","Caudoviricetes","Unclassified","Unclassified","Unclassified","Intermediate","Rare","Rare","Not detected","Low-quality","virulent",0,"FCH3CGLCCXYL4FAA_NODE_147",13479,1112.47131832698,0.00111247131832698,424.779683111153,0.000424779683111153,23.5311254455215,2.35311254455215e-05,0,0,TRUE,"Caudoviricetes",FALSE,"",FALSE,"",FALSE,""
"vOTU0028","Caudoviricetes","Unclassified","Unclassified","Unclassified","Intermediate","Rare","Not detected","Not detected","High-quality","virulent",1,"FCH3CGLCCXYL4FAA_NODE_15",40249,1187.7812318522,0.0011877812318522,831.642556851501,0.000831642556851501,0,0,0,0,TRUE,"Caudoviricetes",FALSE,"",FALSE,"",FALSE,""
"vOTU0170","Caudoviricetes","Unclassified","Unclassified","Unclassified","Rare","Rare","Not detected","Rare","Low-quality","virulent",0,"FCH3CGLCCXYL4FAA_NODE_151",13172,871.902247820486,0.000871902247820485,217.339975814454,0.000217339975814454,0,0,145.218110342588,0.000145218110342588,TRUE,"Caudoviricetes",FALSE,"",FALSE,"",FALSE,""
"vOTU0171","Caudoviricetes","Unclassified","Unclassified","Unclassified","Rare","Not detected","Not detected","Not detected","Low-quality","virulent",0,"FCH3CGLCCXYL4FAA_NODE_152",13145,817.591277650053,0.000817591277650052,0,0,0,0,0,0,TRUE,"Caudoviricetes",FALSE,"",FALSE,"",FALSE,""
"vOTU0172","Caudoviricetes","Unclassified","Unclassified","Unclassified","Intermediate","Rare","Not detected","Not detected","Low-quality","virulent",0,"FCH3CGLCCXYL4FAA_NODE_153",13087,1019.56850524545,0.00101956850524545,403.84905858174,0.00040384905858174,0,0,0,0,TRUE,"Caudoviricetes",FALSE,"",FALSE,"",FALSE,""
"vOTU0174","Caudoviricetes","Unclassified","Unclassified","Unclassified","Intermediate","Rare","Rare","Not detected","Low-quality","virulent",0,"FCH3CGLCCXYL4FAA_NODE_154",13043,1257.46318925852,0.00125746318925851,709.120636618063,0.000709120636618063,24.3177300709643,2.43177300709643e-05,0,0,TRUE,"Caudoviricetes",FALSE,"",FALSE,"",FALSE,""
"vOTU0175","Caudoviricetes","Unclassified","Unclassified","Unclassified","Rare","Rare","Not detected","Not detected","Low-quality","virulent",0,"FCH3CGLCCXYL4FAA_NODE_155",13043,753.120634846115,0.000753120634846114,337.676401324603,0.000337676401324603,0,0,0,0,TRUE,"Caudoviricetes",FALSE,"",FALSE,"",FALSE,""
"vOTU0176","Caudoviricetes","Unclassified","Unclassified","Unclassified","Rare","Rare","Not detected","Not detected","Low-quality","virulent",0,"FCH3CGLCCXYL4FAA_NODE_156",13018,583.108701423482,0.000583108701423481,135.329911498656,0.000135329911498656,0,0,0,0,TRUE,"Caudoviricetes",FALSE,"",FALSE,"",FALSE,""
"vOTU0177","Caudoviricetes","Unclassified","Unclassified","Unclassified","Rare","Rare","Not detected","Not detected","Low-quality","virulent",0,"FCH3CGLCCXYL4FAA_NODE_157",12996,681.69783351254,0.000681697833512539,389.732102909521,0.000389732102909521,0,0,0,0,TRUE,"Caudoviricetes",FALSE,"",FALSE,"",FALSE,""
"vOTU0178","Caudoviricetes","Unclassified","Unclassified","Unclassified","Intermediate","Rare","Not detected","Not detected","Low-quality","virulent",0,"FCH3CGLCCXYL4FAA_NODE_158",12950,1191.32418276352,0.00119132418276352,663.19759911657,0.00066319759911657,0,0,0,0,TRUE,"Caudoviricetes",FALSE,"",FALSE,"",FALSE,""
"vOTU0029","Caudoviricetes","Unclassified","Unclassified","Unclassified","Intermediate","Intermediate","Rare","Not detected","Medium-quality","virulent",1,"FCH3CGLCCXYL4FAA_NODE_16",40219,1773.46712818253,0.00177346712818253,4676.00273229096,0.00467600273229096,31.544899298481,3.1544899298481e-05,0,0,TRUE,"Caudoviricetes",FALSE,"",FALSE,"",FALSE,""
"vOTU0179","Caudoviricetes","Unclassified","Unclassified","Unclassified","Intermediate","Rare","Rare","Rare","Low-quality","virulent",0,"FCH3CGLCCXYL4FAA_NODE_160",12884,1305.03529508649,0.00130503529508649,615.318475462476,0.000615318475462476,24.6178270685955,2.46178270685955e-05,274.08788252191,0.00027408788252191,TRUE,"Caudoviricetes",FALSE,"",FALSE,"",FALSE,""
"vOTU0181","Caudoviricetes","Unclassified","Unclassified","Unclassified","Rare","Rare","Not detected","Rare","Low-quality","virulent",0,"FCH3CGLCCXYL4FAA_NODE_161",12830,616.944340421732,0.000616944340421731,137.312992032095,0.000137312992032095,0,0,68.8103683581434,6.88103683581433e-05,TRUE,"Caudoviricetes",FALSE,"",FALSE,"",FALSE,""
"vOTU0182","Caudoviricetes","Unclassified","Unclassified","Unclassified","Rare","Rare","Not detected","Not detected","Low-quality","virulent",0,"FCH3CGLCCXYL4FAA_NODE_164",12690,654.744605197576,0.000654744605197575,86.7673824815714,8.67673824815713e-05,0,0,0,0,TRUE,"Caudoviricetes",FALSE,"",FALSE,"",FALSE,""
"vOTU0183","Caudoviricetes","Unclassified","Unclassified","Unclassified","Intermediate","Not detected","Not detected","Not detected","Low-quality","virulent",0,"FCH3CGLCCXYL4FAA_NODE_167",12632,1283.58699344187,0.00128358699344187,0,0,0,0,0,0,TRUE,"Caudoviricetes",FALSE,"",FALSE,"",FALSE,""
"vOTU0185","Caudoviricetes","Unclassified","Unclassified","Unclassified","Rare","Rare","Rare","Not detected","Low-quality","virulent",0,"FCH3CGLCCXYL4FAA_NODE_168",12549,701.279026056499,0.000701279026056498,140.387757022102,0.000140387757022102,12.6375111874277,1.26375111874277e-05,0,0,TRUE,"Caudoviricetes",FALSE,"",FALSE,"",FALSE,""
"vOTU0031","Caudoviricetes","Unclassified","Unclassified","Unclassified","Intermediate","Rare","Not detected","Not detected","Medium-quality","virulent",1,"FCH3CGLCCXYL4FAA_NODE_17",36594,9128.52622544868,0.00912852622544866,18.0534192990556,1.80534192990556e-05,0,0,0,0,TRUE,"Caudoviricetes",FALSE,"",FALSE,"",FALSE,""
"vOTU0186","Caudoviricetes","Unclassified","Unclassified","Unclassified","Rare","Rare","Not detected","Not detected","Low-quality","virulent",0,"FCH3CGLCCXYL4FAA_NODE_170",12499,929.076546846126,0.000929076546846125,387.610425092247,0.000387610425092247,0,0,0,0,TRUE,"Caudoviricetes",FALSE,"",FALSE,"",FALSE,""
"vOTU0187","Caudoviricetes","Unclassified","Unclassified","Unclassified","Rare","Rare","Not detected","Not detected","Low-quality","virulent",0,"FCH3CGLCCXYL4FAA_NODE_171",12476,777.102868558171,0.00077710286855817,141.209112127559,0.000141209112127559,0,0,0,0,TRUE,"Caudoviricetes",FALSE,"",FALSE,"",FALSE,""
"vOTU0188","Caudoviricetes","Unclassified","Unclassified","Unclassified","Intermediate","Rare","Not detected","Not detected","Low-quality","virulent",0,"FCH3CGLCCXYL4FAA_NODE_172",12434,4187.27863971264,0.00418727863971263,88.5538553967825,8.85538553967825e-05,0,0,0,0,TRUE,"Caudoviricetes",FALSE,"",FALSE,"",FALSE,""
"vOTU0190","Caudoviricetes","Unclassified","Pervagoviridae","Callevirus","Rare","Rare","Not detected","Not detected","Low-quality","virulent",0,"FCH3CGLCCXYL4FAA_NODE_173",12342,650.101651653801,0.0006501016516538,107.056715267781,0.000107056715267781,0,0,0,0,TRUE,"Caudoviricetes",FALSE,"[Order]_Pervagoviridae",TRUE,"Pervagoviridae",TRUE,"Callevirus"
"vOTU0191","Caudoviricetes","Unclassified","Unclassified","Unclassified","Intermediate","Rare","Not detected","Not detected","Low-quality","virulent",0,"FCH3CGLCCXYL4FAA_NODE_174",12337,1025.76012462987,0.00102576012462987,142.800082931024,0.000142800082931024,0,0,0,0,TRUE,"Caudoviricetes",FALSE,"",FALSE,"",FALSE,""
"vOTU0192","Caudoviricetes","Unclassified","Unclassified","Unclassified","Rare","Rare","Not detected","Rare","Low-quality","virulent",0,"FCH3CGLCCXYL4FAA_NODE_175",12295,681.377376912637,0.000681377376912637,322.39779051672,0.00032239779051672,0,0,71.8045884033777,7.18045884033777e-05,TRUE,"Caudoviricetes",FALSE,"",FALSE,"",FALSE,""
"vOTU0193","Caudoviricetes","Unclassified","Unclassified","Unclassified","Rare","Rare","Not detected","Not detected","Low-quality","virulent",0,"FCH3CGLCCXYL4FAA_NODE_176",12243,532.479195155456,0.000532479195155456,35.9741181782181,3.5974118178218e-05,0,0,0,0,TRUE,"Caudoviricetes",FALSE,"",FALSE,"",FALSE,""
"vOTU0194","Caudoviricetes","Unclassified","Unclassified","Unclassified","Rare","Rare","Rare","Not detected","Not-determined","virulent",0,"FCH3CGLCCXYL4FAA_NODE_177",12240,905.355759700393,0.000905355759700392,71.9659031594565,7.19659031594565e-05,12.9565495878764,1.29565495878764e-05,0,0,TRUE,"Caudoviricetes",FALSE,"",FALSE,"",FALSE,""
"vOTU0195","Caudoviricetes","Unclassified","Unclassified","Unclassified","Rare","Rare","Not detected","Not detected","Low-quality","virulent",0,"FCH3CGLCCXYL4FAA_NODE_178",12234,990.19068839399,0.000990190688393989,252.004109282,0.000252004109282,0,0,0,0,TRUE,"Caudoviricetes",FALSE,"",FALSE,"",FALSE,""
"vOTU0196","Caudoviricetes","Unclassified","Unclassified","Unclassified","Intermediate","Rare","Not detected","Not detected","Low-quality","temperate",0,"FCH3CGLCCXYL4FAA_NODE_179",12230,3445.09420352274,0.00344509420352273,396.136095347024,0.000396136095347024,0,0,0,0,TRUE,"Caudoviricetes",FALSE,"",FALSE,"",FALSE,""
"vOTU0032","Caudoviricetes","Unclassified","Unclassified","Unclassified","Rare","Rare","Rare","Not detected","High-quality","virulent",1,"FCH3CGLCCXYL4FAA_NODE_18",36564,887.704497255471,0.00088770449725547,48.1819514876845,4.81819514876844e-05,21.686365760421,2.1686365760421e-05,0,0,TRUE,"Caudoviricetes",FALSE,"",FALSE,"",FALSE,""
"vOTU0197","Caudoviricetes","Unclassified","Unclassified","Unclassified","Rare","Not detected","Rare","Not detected","Low-quality","virulent",0,"FCH3CGLCCXYL4FAA_NODE_180",12218,698.548361919351,0.00069854836191935,0,0,25.9597359071747,2.59597359071747e-05,0,0,TRUE,"Caudoviricetes",FALSE,"",FALSE,"",FALSE,""
"vOTU0198","Caudoviricetes","Unclassified","Unclassified","Unclassified","Rare","Rare","Not detected","Not detected","Low-quality","virulent",0,"FCH3CGLCCXYL4FAA_NODE_181",12105,692.884860763966,0.000692884860763965,72.7684625246365,7.27684625246365e-05,0,0,0,0,TRUE,"Caudoviricetes",FALSE,"",FALSE,"",FALSE,""
"vOTU0199","Caudoviricetes","Unclassified","Unclassified","Unclassified","Rare","Not detected","Not detected","Not detected","Low-quality","virulent",0,"FCH3CGLCCXYL4FAA_NODE_182",12071,535.993096448296,0.000535993096448296,0,0,0,0,0,0,TRUE,"Caudoviricetes",FALSE,"",FALSE,"",FALSE,""
"vOTU0201","Caudoviricetes","Unclassified","Unclassified","Unclassified","Intermediate","Rare","Not detected","Rare","Medium-quality","virulent",1,"FCH3CGLCCXYL4FAA_NODE_184",11920,1907.98996721841,0.00190798996721841,258.642400931588,0.000258642400931588,0,0,49.37566092429,4.93756609242899e-05,TRUE,"Caudoviricetes",FALSE,"",FALSE,"",FALSE,""
"vOTU0203","Caudoviricetes","Unclassified","Unclassified","Unclassified","Intermediate","Rare","Not detected","Not detected","Low-quality","virulent",0,"FCH3CGLCCXYL4FAA_NODE_185",11855,2312.426185884,0.00231242618588399,148.606026182368,0.000148606026182368,0,0,0,0,TRUE,"Caudoviricetes",FALSE,"",FALSE,"",FALSE,""
"vOTU0204","Caudoviricetes","Unclassified","Unclassified","Unclassified","Intermediate","Not detected","Not detected","Not detected","Low-quality","virulent",0,"FCH3CGLCCXYL4FAA_NODE_187",11839,1097.14651806702,0.00109714651806702,0,0,0,0,0,0,TRUE,"Caudoviricetes",FALSE,"",FALSE,"",FALSE,""
"vOTU0206","Caudoviricetes","Unclassified","Unclassified","Unclassified","Rare","Not detected","Not detected","Not detected","Low-quality","virulent",0,"FCH3CGLCCXYL4FAA_NODE_188",11823,596.304610459816,0.000596304610459815,0,0,0,0,0,0,TRUE,"Caudoviricetes",FALSE,"",FALSE,"",FALSE,""
"vOTU0208","Caudoviricetes","Unclassified","Unclassified","Unclassified","Intermediate","Rare","Not detected","Rare","Low-quality","virulent",0,"FCH3CGLCCXYL4FAA_NODE_189",11808,1125.8413812642,0.0011258413812642,74.5987680263624,7.45987680263624e-05,0,0,12.4610112519059,1.24610112519059e-05,TRUE,"Caudoviricetes",FALSE,"",FALSE,"",FALSE,""
"vOTU0033","Caudoviricetes","Unclassified","Unclassified","Unclassified","Intermediate","Rare","Not detected","Not detected","Medium-quality","virulent",1,"FCH3CGLCCXYL4FAA_NODE_19",36524,1519.98519067323,0.00151998519067323,204.99750502183,0.00020499750502183,0,0,0,0,TRUE,"Caudoviricetes",FALSE,"",FALSE,"",FALSE,""
"vOTU0209","Caudoviricetes","Unclassified","Unclassified","Unclassified","Rare","Rare","Not detected","Not detected","Low-quality","virulent",0,"FCH3CGLCCXYL4FAA_NODE_191",11773,663.983007050943,0.000663983007050942,748.20529644695,0.00074820529644695,0,0,0,0,TRUE,"Caudoviricetes",FALSE,"",FALSE,"",FALSE,""
"vOTU0210","Caudoviricetes","Unclassified","Unclassified","Unclassified","Intermediate","Rare","Not detected","Not detected","Low-quality","virulent",0,"FCH3CGLCCXYL4FAA_NODE_192",11769,1187.2200373249,0.00118722003732489,224.538047807297,0.000224538047807296,0,0,0,0,TRUE,"Caudoviricetes",FALSE,"",FALSE,"",FALSE,""
"vOTU0211","Caudoviricetes","Unclassified","Unclassified","Unclassified","Intermediate","Rare","Rare","Rare","Low-quality","virulent",0,"FCH3CGLCCXYL4FAA_NODE_193",11720,1503.44347025693,0.00150344347025693,375.794563058185,0.000375794563058184,27.0628052331812,2.70628052331812e-05,12.554564883851,1.2554564883851e-05,TRUE,"Caudoviricetes",FALSE,"",FALSE,"",FALSE,""
"vOTU0212","Caudoviricetes","Unclassified","Unclassified","Unclassified","Intermediate","Rare","Rare","Rare","Low-quality","virulent",0,"FCH3CGLCCXYL4FAA_NODE_194",11694,1510.14992941442,0.00151014992941442,602.607962604133,0.000602607962604132,27.1229813317332,2.71229813317332e-05,88.0773858662428,8.80773858662428e-05,TRUE,"Caudoviricetes",FALSE,"",FALSE,"",FALSE,""
"vOTU0213","Caudoviricetes","Unclassified","Unclassified","Unclassified","Intermediate","Rare","Not detected","Rare","Low-quality","virulent",0,"FCH3CGLCCXYL4FAA_NODE_196",11639,1397.32260140022,0.00139732260140022,113.522927058579,0.000113522927058579,0,0,75.8516057909261,7.5851605790926e-05,TRUE,"Caudoviricetes",FALSE,"",FALSE,"",FALSE,""
"vOTU0214","Caudoviricetes","Unclassified","Unclassified","Unclassified","Rare","Rare","Not detected","Not detected","Low-quality","virulent",0,"FCH3CGLCCXYL4FAA_NODE_197",11635,691.295472727114,0.000691295472727113,37.8539861555501,3.78539861555501e-05,0,0,0,0,TRUE,"Caudoviricetes",FALSE,"",FALSE,"",FALSE,""
"vOTU0216","Caudoviricetes","Unclassified","Unclassified","Unclassified","Rare","Not detected","Rare","Not detected","Low-quality","virulent",0,"FCH3CGLCCXYL4FAA_NODE_198",11596,949.700385803874,0.000949700385803873,0,0,27.3522169079182,2.73522169079182e-05,0,0,TRUE,"Caudoviricetes",FALSE,"",FALSE,"",FALSE,""
"vOTU0217","Caudoviricetes","Unclassified","Unclassified","Unclassified","Rare","Rare","Not detected","Not detected","Low-quality","virulent",0,"FCH3CGLCCXYL4FAA_NODE_199",11523,645.10902411332,0.000645109024113319,19.1109565987365,1.91109565987365e-05,0,0,0,0,TRUE,"Caudoviricetes",FALSE,"",FALSE,"",FALSE,""
"vOTU0010","Caudoviricetes","Unclassified","Unclassified","Unclassified","Intermediate","Rare","Not detected","Not detected","Medium-quality","virulent",1,"FCH3CGLCCXYL4FAA_NODE_2",84238,1133.87911349038,0.00113387911349038,101.954131877945,0.000101954131877945,0,0,0,0,TRUE,"Caudoviricetes",FALSE,"",FALSE,"",FALSE,""
"vOTU0034","Caudoviricetes","Unclassified","Unclassified","Unclassified","Rare","Rare","Not detected","Not detected","Low-quality","virulent",0,"FCH3CGLCCXYL4FAA_NODE_20",36497,831.41021951046,0.000831410219510458,181.014076527144,0.000181014076527143,0,0,0,0,TRUE,"Caudoviricetes",FALSE,"",FALSE,"",FALSE,""
"vOTU0218","Caudoviricetes","Unclassified","Autographiviridae","Unclassified","Rare","Rare","Not detected","Not detected","Low-quality","virulent",0,"FCH3CGLCCXYL4FAA_NODE_201",11476,608.337695865315,0.000608337695865314,115.135390271313,0.000115135390271313,0,0,0,0,TRUE,"Caudoviricetes",FALSE,"[Order]_Autographiviridae",TRUE,"Autographiviridae",FALSE,""
"vOTU0355","Caudoviricetes","Unclassified","Unclassified","Unclassified","Rare","Rare","Not detected","Not detected","Low-quality","virulent",0,"FCH3CGLCCXYL4FAA_NODE_202",8742,691.736681784032,0.000691736681784031,251.905350702878,0.000251905350702878,0,0,0,0,TRUE,"Caudoviricetes",FALSE,"",FALSE,"",FALSE,""
"vOTU0219","Caudoviricetes","Unclassified","Unclassified","Unclassified","Rare","Rare","Not detected","Not detected","Low-quality","virulent",0,"FCH3CGLCCXYL4FAA_NODE_203",11456,672.055852883619,0.000672055852883618,76.8909281497057,7.68909281497057e-05,0,0,0,0,TRUE,"Caudoviricetes",FALSE,"",FALSE,"",FALSE,""
"vOTU0221","Caudoviricetes","Unclassified","Unclassified","Unclassified","Intermediate","Rare","Not detected","Rare","Low-quality","virulent",0,"FCH3CGLCCXYL4FAA_NODE_204",11410,1273.69521485602,0.00127369521485602,810.609965857103,0.000810609965857103,0,0,309.495932665611,0.000309495932665611,TRUE,"Caudoviricetes",FALSE,"",FALSE,"",FALSE,""
"vOTU0222","Caudoviricetes","Unclassified","Unclassified","Unclassified","Rare","Rare","Not detected","Not detected","Low-quality","virulent",0,"FCH3CGLCCXYL4FAA_NODE_205",11402,789.072485820323,0.000789072485820322,656.667953832409,0.000656667953832409,0,0,0,0,TRUE,"Caudoviricetes",FALSE,"",FALSE,"",FALSE,""
"vOTU0223","Caudoviricetes","Unclassified","Unclassified","Unclassified","Rare","Rare","Not detected","Not detected","Low-quality","virulent",0,"FCH3CGLCCXYL4FAA_NODE_206",11353,796.80843277729,0.000796808432777289,155.177080033048,0.000155177080033048,0,0,0,0,TRUE,"Caudoviricetes",FALSE,"",FALSE,"",FALSE,""
"vOTU0224","Caudoviricetes","Unclassified","Unclassified","Unclassified","Rare","Rare","Not detected","Not detected","Low-quality","virulent",0,"FCH3CGLCCXYL4FAA_NODE_207",11333,504.089736445628,0.000504089736445627,77.7254406993695,7.77254406993695e-05,0,0,0,0,TRUE,"Caudoviricetes",FALSE,"",FALSE,"",FALSE,""
"vOTU0225","Caudoviricetes","Unclassified","Unclassified","Unclassified","Rare","Rare","Rare","Not detected","Low-quality","virulent",0,"FCH3CGLCCXYL4FAA_NODE_208",11330,680.397599433894,0.000680397599433893,38.8730075241708,3.88730075241707e-05,27.994368699628,2.7994368699628e-05,0,0,TRUE,"Caudoviricetes",FALSE,"",FALSE,"",FALSE,""
"vOTU0035","Caudoviricetes","Unclassified","Unclassified","Unclassified","Intermediate","Rare","Not detected","Not detected","Medium-quality","virulent",1,"FCH3CGLCCXYL4FAA_NODE_21",36387,3354.34170935371,0.00335434170935371,24.2081700813606,2.42081700813606e-05,0,0,0,0,TRUE,"Caudoviricetes",FALSE,"",FALSE,"",FALSE,""
"vOTU0227","Caudoviricetes","Unclassified","Unclassified","Unclassified","Intermediate","Rare","Not detected","Not detected","Low-quality","virulent",0,"FCH3CGLCCXYL4FAA_NODE_210",11277,1323.59433414059,0.00132359433414058,78.1113881359816,7.81113881359816e-05,0,0,0,0,TRUE,"Caudoviricetes",FALSE,"",FALSE,"",FALSE,""
"vOTU0228","Caudoviricetes","Unclassified","Unclassified","Unclassified","Rare","Rare","Not detected","Not detected","Not-determined","virulent",0,"FCH3CGLCCXYL4FAA_NODE_212",11223,866.491037328569,0.000866491037328568,39.2436269749456,3.92436269749456e-05,0,0,0,0,TRUE,"Caudoviricetes",FALSE,"",FALSE,"",FALSE,""
"vOTU0229","Caudoviricetes","Unclassified","Unclassified","Unclassified","Intermediate","Rare","Not detected","Not detected","Low-quality","virulent",0,"FCH3CGLCCXYL4FAA_NODE_214",11179,1008.87441071157,0.00100887441071157,118.194320318753,0.000118194320318753,0,0,0,0,TRUE,"Caudoviricetes",FALSE,"",FALSE,"",FALSE,""
"vOTU0230","Caudoviricetes","Unclassified","Unclassified","Unclassified","Rare","Rare","Not detected","Not detected","Low-quality","virulent",0,"FCH3CGLCCXYL4FAA_NODE_216",11124,551.569492290097,0.000551569492290096,118.778630551516,0.000118778630551516,0,0,0,0,TRUE,"Caudoviricetes",FALSE,"",FALSE,"",FALSE,""
"vOTU0232","Caudoviricetes","Unclassified","Unclassified","Unclassified","Rare","Rare","Not detected","Not detected","Low-quality","virulent",0,"FCH3CGLCCXYL4FAA_NODE_218",11002,528.192866424692,0.000528192866424691,680.54282542462,0.00068054282542462,0,0,0,0,TRUE,"Caudoviricetes",FALSE,"",FALSE,"",FALSE,""
"vOTU0233","Caudoviricetes","Unclassified","Unclassified","Unclassified","Rare","Intermediate","Not detected","Not detected","Low-quality","virulent",0,"FCH3CGLCCXYL4FAA_NODE_219",10992,673.58874756176,0.000673588747561759,8294.14950638495,0.00829414950638495,0,0,0,0,TRUE,"Caudoviricetes",FALSE,"",FALSE,"",FALSE,""
"vOTU0036","Caudoviricetes","Unclassified","Unclassified","Unclassified","Rare","Rare","Not detected","Not detected","Low-quality","virulent",0,"FCH3CGLCCXYL4FAA_NODE_22",36190,952.305216197604,0.000952305216197603,146.039613118431,0.000146039613118431,0,0,0,0,TRUE,"Caudoviricetes",FALSE,"",FALSE,"",FALSE,""
"vOTU0234","Caudoviricetes","Unclassified","Unclassified","Unclassified","Intermediate","Rare","Not detected","Not detected","Low-quality","virulent",0,"FCH3CGLCCXYL4FAA_NODE_220",10964,2286.90389096251,0.0022869038909625,200.8533169399,0.0002008533169399,0,0,0,0,TRUE,"Caudoviricetes",FALSE,"",FALSE,"",FALSE,""
"vOTU0235","Caudoviricetes","Unclassified","Autographiviridae","Unclassified","Rare","Rare","Not detected","Not detected","Low-quality","virulent",0,"FCH3CGLCCXYL4FAA_NODE_221",10952,812.515911427233,0.000812515911427232,120.644060912393,0.000120644060912393,0,0,0,0,TRUE,"Caudoviricetes",FALSE,"[Order]_Autographiviridae",TRUE,"Autographiviridae",FALSE,""
"vOTU0236","Caudoviricetes","Unclassified","Unclassified","Unclassified","Intermediate","Rare","Not detected","Rare","Low-quality","temperate",0,"FCH3CGLCCXYL4FAA_NODE_222",10922,1474.64841943165,0.00147464841943165,342.763818613944,0.000342763818613944,0,0,168.398137139097,0.000168398137139097,TRUE,"Caudoviricetes",FALSE,"",FALSE,"",FALSE,""
"vOTU0237","Caudoviricetes","Unclassified","Unclassified","Unclassified","Rare","Rare","Not detected","Rare","Low-quality","virulent",0,"FCH3CGLCCXYL4FAA_NODE_223",10915,810.766223185433,0.000810766223185432,161.404031678046,0.000161404031678046,0,0,13.4804920392745,1.34804920392745e-05,TRUE,"Caudoviricetes",FALSE,"[Order]_Flavobacterium phage 11b",FALSE,"[Family]_Flavobacterium phage 11b",FALSE,"[Genus]_Flavobacterium phage 11b"
"vOTU0238","Caudoviricetes","Unclassified","Unclassified","Unclassified","Rare","Rare","Not detected","Not detected","Low-quality","virulent",0,"FCH3CGLCCXYL4FAA_NODE_224",10897,666.828431562087,0.000666828431562086,121.252967066844,0.000121252967066844,0,0,0,0,TRUE,"Caudoviricetes",FALSE,"",FALSE,"",FALSE,""
"vOTU0239","Caudoviricetes","Unclassified","Autographiviridae","Unclassified","Intermediate","Rare","Not detected","Not detected","Low-quality","virulent",0,"FCH3CGLCCXYL4FAA_NODE_227",10864,3289.96636463812,0.00328996636463812,445.944594072229,0.000445944594072229,0,0,0,0,TRUE,"Caudoviricetes",FALSE,"[Order]_Autographiviridae",TRUE,"Autographiviridae",FALSE,""
"vOTU0240","Caudoviricetes","Unclassified","Unclassified","Unclassified","Rare","Rare","Not detected","Not detected","Low-quality","virulent",0,"FCH3CGLCCXYL4FAA_NODE_228",10846,815.923920628946,0.000815923920628945,121.823120852431,0.000121823120852431,0,0,0,0,TRUE,"Caudoviricetes",FALSE,"",FALSE,"",FALSE,""
"vOTU0241","Caudoviricetes","Unclassified","Unclassified","Unclassified","Intermediate","Rare","Not detected","Not detected","Low-quality","virulent",0,"FCH3CGLCCXYL4FAA_NODE_229",10797,1525.4163188491,0.0015254163188491,367.128116457661,0.000367128116457661,0,0,0,0,TRUE,"Caudoviricetes",FALSE,"",FALSE,"",FALSE,""
"vOTU0037","Caudoviricetes","Unclassified","Unclassified","Unclassified","Rare","Rare","Not detected","Not detected","Medium-quality","virulent",1,"FCH3CGLCCXYL4FAA_NODE_23",35644,812.962321612213,0.000812962321612212,123.563961271728,0.000123563961271728,0,0,0,0,TRUE,"Caudoviricetes",FALSE,"",FALSE,"",FALSE,""
"vOTU0242","Caudoviricetes","Unclassified","Unclassified","Unclassified","Rare","Rare","Not detected","Not detected","Low-quality","temperate",0,"FCH3CGLCCXYL4FAA_NODE_230",10790,530.368831452525,0.000530368831452524,40.8184348050187,4.08184348050187e-05,0,0,0,0,TRUE,"Caudoviricetes",FALSE,"",FALSE,"",FALSE,""
"vOTU0243","Caudoviricetes","Unclassified","Unclassified","Unclassified","Rare","Rare","Not detected","Not detected","Low-quality","virulent",0,"FCH3CGLCCXYL4FAA_NODE_231",10786,813.16976752636,0.000813169767526359,81.6672039410977,8.16672039410977e-05,0,0,0,0,TRUE,"Caudoviricetes",FALSE,"",FALSE,"",FALSE,""
"vOTU0244","Caudoviricetes","Unclassified","Zobellviridae","Unclassified","Intermediate","Rare","Not detected","Not detected","Low-quality","virulent",0,"FCH3CGLCCXYL4FAA_NODE_232",10753,1685.28140269589,0.00168528140269589,245.753609709899,0.000245753609709899,0,0,0,0,TRUE,"Caudoviricetes",FALSE,"[Order]_Zobellviridae",TRUE,"Zobellviridae",FALSE,""
"vOTU0245","Caudoviricetes","Unclassified","Autographiviridae","Unclassified","Rare","Rare","Not detected","Not detected","Low-quality","virulent",0,"FCH3CGLCCXYL4FAA_NODE_233",10738,814.057458673255,0.000814057458673254,82.0322873391778,8.20322873391778e-05,0,0,0,0,TRUE,"Caudoviricetes",FALSE,"[Order]_Autographiviridae",TRUE,"Autographiviridae",FALSE,""
"vOTU0246","Caudoviricetes","Unclassified","Unclassified","Unclassified","Rare","Rare","Not detected","Rare","Low-quality","virulent",0,"FCH3CGLCCXYL4FAA_NODE_234",10641,881.541256376229,0.000881541256376228,289.730116554132,0.000289730116554132,0,0,110.620862540936,0.000110620862540936,TRUE,"Caudoviricetes",FALSE,"",FALSE,"",FALSE,""
"vOTU0247","Caudoviricetes","Crassvirales","Unclassified","Unclassified","Intermediate","Rare","Not detected","Not detected","Low-quality","virulent",0,"FCH3CGLCCXYL4FAA_NODE_235",10621,1240.55556828469,0.00124055556828469,393.945765364167,0.000393945765364167,0,0,0,0,TRUE,"Caudoviricetes",TRUE,"Crassvirales",FALSE,"",FALSE,""
"vOTU0248","Caudoviricetes","Unclassified","Unclassified","Unclassified","Rare","Rare","Not detected","Not detected","Low-quality","virulent",0,"FCH3CGLCCXYL4FAA_NODE_236",10582,951.500000081395,0.000951500000081394,166.483248196755,0.000166483248196754,0,0,0,0,TRUE,"Caudoviricetes",FALSE,"",FALSE,"",FALSE,""
"vOTU0249","Caudoviricetes","Unclassified","Unclassified","Unclassified","Intermediate","Rare","Not detected","Not detected","Low-quality","virulent",0,"FCH3CGLCCXYL4FAA_NODE_237",10573,1753.03206380824,0.00175303206380824,291.593715054557,0.000291593715054557,0,0,0,0,TRUE,"Caudoviricetes",FALSE,"",FALSE,"",FALSE,""
"vOTU0251","Caudoviricetes","Unclassified","Unclassified","Unclassified","Intermediate","Rare","Not detected","Not detected","Low-quality","virulent",0,"FCH3CGLCCXYL4FAA_NODE_238",10532,1136.20478472038,0.00113620478472038,125.455112231409,0.000125455112231409,0,0,0,0,TRUE,"Caudoviricetes",FALSE,"",FALSE,"",FALSE,""
"vOTU0252","Caudoviricetes","Unclassified","Unclassified","Unclassified","Intermediate","Rare","Not detected","Not detected","Low-quality","virulent",0,"FCH3CGLCCXYL4FAA_NODE_239",10531,1246.48868920764,0.00124648868920764,83.6447164707877,8.36447164707877e-05,0,0,0,0,TRUE,"Caudoviricetes",FALSE,"",FALSE,"",FALSE,""
"vOTU0039","Caudoviricetes","Unclassified","Unclassified","Unclassified","Rare","Rare","Rare","Not detected","Medium-quality","virulent",1,"FCH3CGLCCXYL4FAA_NODE_24",35520,906.87535195423,0.000906875351954229,105.395942060773,0.000105395942060773,8.92950826937527,8.92950826937527e-06,0,0,TRUE,"Caudoviricetes",FALSE,"",FALSE,"",FALSE,""
"vOTU0253","Caudoviricetes","Unclassified","Unclassified","Unclassified","Intermediate","Rare","Not detected","Not detected","Low-quality","virulent",0,"FCH3CGLCCXYL4FAA_NODE_240",10510,1350.95622251751,0.0013509562225175,209.529519262371,0.000209529519262371,0,0,0,0,TRUE,"Caudoviricetes",FALSE,"",FALSE,"",FALSE,""
"vOTU0254","Caudoviricetes","Unclassified","Unclassified","Unclassified","Rare","Not detected","Not detected","Not detected","Low-quality","virulent",0,"FCH3CGLCCXYL4FAA_NODE_241",10510,639.926375636112,0.000639926375636111,0,0,0,0,0,0,TRUE,"Caudoviricetes",FALSE,"",FALSE,"",FALSE,""
"vOTU0256","Caudoviricetes","Unclassified","Unclassified","Unclassified","Intermediate","Rare","Not detected","Not detected","Low-quality","virulent",0,"FCH3CGLCCXYL4FAA_NODE_242",10485,1231.32608265086,0.00123132608265086,105.014584925645,0.000105014584925645,0,0,0,0,TRUE,"Caudoviricetes",FALSE,"",FALSE,"",FALSE,""
"vOTU0257","Caudoviricetes","Unclassified","Unclassified","Unclassified","Intermediate","Intermediate","Not detected","Not detected","Low-quality","virulent",0,"FCH3CGLCCXYL4FAA_NODE_243",10483,2669.47682028185,0.00266947682028185,1092.36075388623,0.00109236075388623,0,0,0,0,TRUE,"Caudoviricetes",FALSE,"",FALSE,"",FALSE,""
"vOTU0258","Caudoviricetes","Unclassified","Unclassified","Unclassified","Rare","Rare","Not detected","Not detected","Low-quality","virulent",0,"FCH3CGLCCXYL4FAA_NODE_244",10467,590.887623599868,0.000590887623599867,126.234249343634,0.000126234249343634,0,0,0,0,TRUE,"Caudoviricetes",FALSE,"",FALSE,"",FALSE,""
"vOTU0259","Caudoviricetes","Unclassified","Unclassified","Unclassified","Rare","Rare","Not detected","Not detected","Low-quality","virulent",0,"FCH3CGLCCXYL4FAA_NODE_245",10420,564.300176000768,0.000564300176000767,380.410744896332,0.000380410744896332,0,0,0,0,TRUE,"Caudoviricetes",FALSE,"",FALSE,"",FALSE,""
"vOTU0260","Caudoviricetes","Unclassified","Unclassified","Unclassified","Rare","Rare","Not detected","Not detected","Low-quality","virulent",0,"FCH3CGLCCXYL4FAA_NODE_246",10403,441.402864851706,0.000441402864851706,42.3369235765124,4.23369235765124e-05,0,0,0,0,TRUE,"Caudoviricetes",FALSE,"",FALSE,"",FALSE,""
"vOTU0261","Caudoviricetes","Unclassified","Unclassified","Unclassified","Rare","Rare","Not detected","Not detected","Low-quality","virulent",0,"FCH3CGLCCXYL4FAA_NODE_247",10394,725.586677813198,0.000725586677813197,42.3735969967682,4.23735969967682e-05,0,0,0,0,TRUE,"Caudoviricetes",FALSE,"",FALSE,"",FALSE,""
"vOTU0262","Caudoviricetes","Unclassified","Unclassified","Unclassified","Rare","Rare","Not detected","Not detected","Low-quality","temperate",0,"FCH3CGLCCXYL4FAA_NODE_248",10369,579.403604745645,0.000579403604745644,42.4757594282202,4.24757594282202e-05,0,0,0,0,TRUE,"Caudoviricetes",FALSE,"",FALSE,"",FALSE,""
"vOTU0310","Caudoviricetes","Unclassified","Unclassified","Unclassified","Rare","Not detected","Not detected","Rare","Low-quality","virulent",0,"FCH3CGLCCXYL4FAA_NODE_249",9401,630.695931268996,0.000630695931268995,0,0,0,0,15.6514753910018,1.56514753910018e-05,TRUE,"Caudoviricetes",FALSE,"",FALSE,"",FALSE,""
"vOTU0040","Caudoviricetes","Unclassified","Unclassified","Unclassified","Intermediate","Rare","Rare","Not detected","High-quality","temperate",1,"FCH3CGLCCXYL4FAA_NODE_25",35228,1599.349874873,0.00159934987487299,337.562421263159,0.000337562421263159,9.00352529906821,9.00352529906821e-06,0,0,TRUE,"Caudoviricetes",FALSE,"",FALSE,"",FALSE,""
"vOTU0263","Caudoviricetes","Unclassified","Unclassified","Unclassified","Intermediate","Not detected","Not detected","Not detected","Low-quality","virulent",0,"FCH3CGLCCXYL4FAA_NODE_250",10329,1723.99907935041,0.00172399907935041,0,0,0,0,0,0,TRUE,"Caudoviricetes",FALSE,"",FALSE,"",FALSE,""
"vOTU0264","Caudoviricetes","Unclassified","Unclassified","Unclassified","Intermediate","Rare","Not detected","Not detected","Low-quality","virulent",0,"FCH3CGLCCXYL4FAA_NODE_251",10315,1166.77984372754,0.00116677984372754,192.14164894703,0.00019214164894703,0,0,0,0,TRUE,"Caudoviricetes",FALSE,"",FALSE,"",FALSE,""
"vOTU0265","Caudoviricetes","Unclassified","Unclassified","Unclassified","Intermediate","Rare","Not detected","Rare","Low-quality","virulent",0,"FCH3CGLCCXYL4FAA_NODE_252",10267,1401.12685506787,0.00140112685506787,42.8977497842811,4.2897749784281e-05,0,0,28.6626059303368,2.86626059303368e-05,TRUE,"Caudoviricetes",FALSE,"",FALSE,"",FALSE,""
"vOTU0266","Caudoviricetes","Unclassified","Unclassified","Unclassified","Rare","Rare","Not detected","Not detected","Low-quality","virulent",0,"FCH3CGLCCXYL4FAA_NODE_254",10266,750.916027661447,0.000750916027661446,42.9019225919875,4.29019225919875e-05,0,0,0,0,TRUE,"Caudoviricetes",FALSE,"",FALSE,"",FALSE,""
"vOTU0268","Caudoviricetes","Unclassified","Unclassified","Unclassified","Rare","Rare","Not detected","Not detected","Low-quality","virulent",0,"FCH3CGLCCXYL4FAA_NODE_255",10196,554.516710307582,0.000554516710307581,43.1964495416414,4.31964495416414e-05,0,0,0,0,TRUE,"Caudoviricetes",FALSE,"",FALSE,"",FALSE,""
"vOTU0269","Caudoviricetes","Unclassified","Unclassified","Elemovirus","Intermediate","Rare","Not detected","Not detected","Low-quality","virulent",0,"FCH3CGLCCXYL4FAA_NODE_256",10192,1750.06622239673,0.00175006622239673,108.033608106122,0.000108033608106122,0,0,0,0,TRUE,"Caudoviricetes",FALSE,"[Order]_Elemovirus",FALSE,"[Family]_Elemovirus",TRUE,"Elemovirus"
"vOTU0270","Caudoviricetes","Unclassified","Unclassified","Unclassified","Intermediate","Rare","Not detected","Not detected","Low-quality","virulent",0,"FCH3CGLCCXYL4FAA_NODE_257",10181,1378.19323588429,0.00137819323588429,562.381648999646,0.000562381648999645,0,0,0,0,TRUE,"Caudoviricetes",FALSE,"",FALSE,"",FALSE,""
"vOTU0271","Caudoviricetes","Unclassified","Unclassified","Unclassified","Rare","Rare","Not detected","Rare","Low-quality","virulent",0,"FCH3CGLCCXYL4FAA_NODE_258",10142,839.597322382158,0.000839597322382157,86.852913324166,8.6852913324166e-05,0,0,87.0476018986749,8.70476018986748e-05,TRUE,"Caudoviricetes",FALSE,"",FALSE,"",FALSE,""
"vOTU0041","Caudoviricetes","Unclassified","Unclassified","Unclassified","Rare","Rare","Not detected","Not detected","Medium-quality","virulent",1,"FCH3CGLCCXYL4FAA_NODE_26",35111,942.644108839684,0.000942644108839683,6.27198388710285,6.27198388710285e-06,0,0,0,0,TRUE,"Caudoviricetes",FALSE,"",FALSE,"",FALSE,""
"vOTU0272","Caudoviricetes","Unclassified","Unclassified","Unclassified","Intermediate","Rare","Rare","Not detected","Low-quality","virulent",0,"FCH3CGLCCXYL4FAA_NODE_260",10122,1537.76950132952,0.00153776950132952,696.196648114832,0.000696196648114832,31.3353174119614,3.13353174119614e-05,0,0,TRUE,"Caudoviricetes",FALSE,"",FALSE,"",FALSE,""
"vOTU0274","Caudoviricetes","Unclassified","Unclassified","Unclassified","Rare","Rare","Not detected","Not detected","Low-quality","virulent",0,"FCH3CGLCCXYL4FAA_NODE_261",10073,710.63918703683,0.000710639187036829,480.963546129107,0.000480963546129107,0,0,0,0,TRUE,"Caudoviricetes",FALSE,"",FALSE,"",FALSE,""
"vOTU0275","Caudoviricetes","Unclassified","Unclassified","Unclassified","Rare","Rare","Not detected","Not detected","Low-quality","virulent",0,"FCH3CGLCCXYL4FAA_NODE_262",10063,637.083875261482,0.000637083875261481,87.5347786463342,8.75347786463342e-05,0,0,0,0,TRUE,"Caudoviricetes",FALSE,"",FALSE,"",FALSE,""
"vOTU0276","Caudoviricetes","Unclassified","Unclassified","Unclassified","Rare","Rare","Not detected","Rare","Low-quality","virulent",0,"FCH3CGLCCXYL4FAA_NODE_263",10063,605.816347172217,0.000605816347172216,262.60445948308,0.00026260445948308,0,0,43.8655176345352,4.38655176345352e-05,TRUE,"Caudoviricetes",FALSE,"",FALSE,"",FALSE,""
"vOTU0277","Caudoviricetes","Unclassified","Unclassified","Unclassified","Rare","Rare","Not detected","Not detected","Low-quality","virulent",0,"FCH3CGLCCXYL4FAA_NODE_264",10000,914.449296954672,0.000914449296954671,88.0862112441053,8.80862112441053e-05,0,0,0,0,TRUE,"Caudoviricetes",FALSE,"",FALSE,"",FALSE,""
"vOTU0278","Caudoviricetes","Unclassified","Unclassified","Unclassified","Rare","Rare","Rare","Rare","Low-quality","virulent",0,"FCH3CGLCCXYL4FAA_NODE_265",9999,543.807419851163,0.000543807419851162,462.498882678625,0.000462498882678625,63.4415838292461,6.34415838292461e-05,29.4308503441976,2.94308503441976e-05,TRUE,"Caudoviricetes",FALSE,"",FALSE,"",FALSE,""
"vOTU0279","Caudoviricetes","Unclassified","Unclassified","Unclassified","Rare","Rare","Not detected","Not detected","Low-quality","virulent",0,"FCH3CGLCCXYL4FAA_NODE_266",9987,676.392203523433,0.000676392203523432,264.602742328209,0.000264602742328209,0,0,0,0,TRUE,"Caudoviricetes",FALSE,"",FALSE,"",FALSE,""
"vOTU0281","Caudoviricetes","Unclassified","Unclassified","Unclassified","Rare","Rare","Not detected","Not detected","Low-quality","virulent",0,"FCH3CGLCCXYL4FAA_NODE_267",9944,702.059291139014,0.000702059291139013,44.2911395273944,4.42911395273944e-05,0,0,0,0,TRUE,"Caudoviricetes",FALSE,"",FALSE,"",FALSE,""
"vOTU0282","Caudoviricetes","Unclassified","Unclassified","Unclassified","Intermediate","Rare","Not detected","Rare","Low-quality","virulent",0,"FCH3CGLCCXYL4FAA_NODE_269",9931,1223.77682503246,0.00122377682503246,266.094771366507,0.000266094771366507,0,0,44.4485453802857,4.44485453802857e-05,TRUE,"Caudoviricetes",FALSE,"",FALSE,"",FALSE,""
"vOTU0042","Caudoviricetes","Unclassified","Unclassified","Unclassified","Intermediate","Rare","Not detected","Not detected","Low-quality","virulent",0,"FCH3CGLCCXYL4FAA_NODE_27",34813,1903.12068071481,0.00190312068071481,37.9540078663564,3.79540078663564e-05,0,0,0,0,TRUE,"Caudoviricetes",FALSE,"",FALSE,"",FALSE,""
"vOTU0283","Caudoviricetes","Unclassified","Unclassified","Unclassified","Intermediate","Rare","Not detected","Not detected","Low-quality","virulent",0,"FCH3CGLCCXYL4FAA_NODE_270",9899,3079.26507162745,0.00307926507162745,533.910107013182,0.000533910107013182,0,0,0,0,TRUE,"Caudoviricetes",FALSE,"",FALSE,"",FALSE,""
"vOTU0285","Caudoviricetes","Unclassified","Unclassified","Unclassified","Rare","Rare","Not detected","Not detected","Low-quality","virulent",0,"FCH3CGLCCXYL4FAA_NODE_271",9829,537.206948658128,0.000537206948658127,89.6187201382756,8.96187201382756e-05,0,0,0,0,TRUE,"Caudoviricetes",FALSE,"",FALSE,"",FALSE,""
"vOTU0286","Caudoviricetes","Unclassified","Unclassified","Unclassified","Rare","Rare","Not detected","Not detected","Low-quality","virulent",0,"FCH3CGLCCXYL4FAA_NODE_272",9802,610.91318902058,0.000610913189020579,44.9327955126183,4.49327955126183e-05,0,0,0,0,TRUE,"Caudoviricetes",FALSE,"",FALSE,"",FALSE,""
"vOTU0287","Caudoviricetes","Unclassified","Unclassified","Unclassified","Rare","Rare","Not detected","Not detected","Low-quality","virulent",0,"FCH3CGLCCXYL4FAA_NODE_274",9789,585.607591789422,0.000585607591789421,44.9924417409974,4.49924417409974e-05,0,0,0,0,TRUE,"Caudoviricetes",FALSE,"",FALSE,"",FALSE,""
"vOTU0288","Caudoviricetes","Unclassified","Unclassified","Unclassified","Intermediate","Rare","Not detected","Not detected","Low-quality","virulent",0,"FCH3CGLCCXYL4FAA_NODE_275",9737,1013.87727272985,0.00101387727272984,180.931046387074,0.000180931046387074,0,0,0,0,TRUE,"Caudoviricetes",FALSE,"",FALSE,"",FALSE,""
"vOTU0289","Caudoviricetes","Unclassified","Unclassified","Unclassified","Intermediate","Not detected","Rare","Not detected","Low-quality","virulent",0,"FCH3CGLCCXYL4FAA_NODE_276",9733,1166.84208948595,0.00116684208948595,0,0,16.293861168915,1.6293861168915e-05,0,0,TRUE,"Caudoviricetes",FALSE,"",FALSE,"",FALSE,""
"vOTU0290","Caudoviricetes","Unclassified","Unclassified","Unclassified","Intermediate","Rare","Not detected","Rare","Low-quality","virulent",0,"FCH3CGLCCXYL4FAA_NODE_277",9728,1293.78815525821,0.0012937881552582,45.2745802018201,4.52745802018201e-05,0,0,15.1253645287293,1.51253645287293e-05,TRUE,"Caudoviricetes",FALSE,"",FALSE,"",FALSE,""
"vOTU0291","Caudoviricetes","Unclassified","Unclassified","Unclassified","Rare","Rare","Not detected","Not detected","Low-quality","virulent",0,"FCH3CGLCCXYL4FAA_NODE_278",9717,656.733832950177,0.000656733832950177,181.303467877318,0.000181303467877318,0,0,0,0,TRUE,"Caudoviricetes",FALSE,"",FALSE,"",FALSE,""
"vOTU0292","Caudoviricetes","Unclassified","Unclassified","Unclassified","Intermediate","Rare","Not detected","Not detected","Low-quality","virulent",0,"FCH3CGLCCXYL4FAA_NODE_279",9710,1276.94620751428,0.00127694620751428,362.868274079036,0.000362868274079036,0,0,0,0,TRUE,"Caudoviricetes",FALSE,"",FALSE,"",FALSE,""
"vOTU0056","Caudoviricetes","Unclassified","Unclassified","Unclassified","Rare","Rare","Not detected","Not detected","Low-quality","virulent",0,"FCH3CGLCCXYL4FAA_NODE_28",24743,763.79668122594,0.000763796681225938,17.8002263634612,1.78002263634612e-05,0,0,0,0,TRUE,"Caudoviricetes",FALSE,"",FALSE,"",FALSE,""
"vOTU0293","Caudoviricetes","Unclassified","Unclassified","Unclassified","Rare","Rare","Rare","Not detected","Low-quality","virulent",0,"FCH3CGLCCXYL4FAA_NODE_280",9697,992.709017077246,0.000992709017077245,454.193099580321,0.000454193099580321,32.7086976584041,3.2708697658404e-05,0,0,TRUE,"Caudoviricetes",FALSE,"",FALSE,"",FALSE,""
"vOTU0294","Caudoviricetes","Unclassified","Unclassified","Unclassified","Rare","Rare","Not detected","Not detected","Low-quality","virulent",0,"FCH3CGLCCXYL4FAA_NODE_281",9678,602.484389488193,0.000602484389488192,295.805119634691,0.000295805119634691,0,0,0,0,TRUE,"Caudoviricetes",FALSE,"",FALSE,"",FALSE,""
"vOTU0295","Caudoviricetes","Unclassified","Kyanoviridae","Unclassified","Rare","Rare","Not detected","Not detected","Low-quality","virulent",0,"FCH3CGLCCXYL4FAA_NODE_282",9636,677.560779553966,0.000677560779553965,114.267088416572,0.000114267088416572,0,0,0,0,TRUE,"Caudoviricetes",FALSE,"[Order]_Kyanoviridae",TRUE,"Kyanoviridae",FALSE,""
"vOTU0296","Caudoviricetes","Unclassified","Unclassified","Unclassified","Rare","Not detected","Rare","Not detected","Low-quality","virulent",0,"FCH3CGLCCXYL4FAA_NODE_283",9627,472.897253204103,0.000472897253204103,0,0,32.9465373985464,3.29465373985464e-05,0,0,TRUE,"Caudoviricetes",FALSE,"",FALSE,"",FALSE,""
"vOTU0297","Caudoviricetes","Unclassified","Unclassified","Unclassified","Rare","Rare","Not detected","Not detected","Low-quality","virulent",0,"FCH3CGLCCXYL4FAA_NODE_284",9560,784.771608311987,0.000784771608311986,414.631943026614,0.000414631943026614,0,0,0,0,TRUE,"Caudoviricetes",FALSE,"",FALSE,"",FALSE,""
"vOTU0298","Caudoviricetes","Unclassified","Unclassified","Unclassified","Rare","Rare","Not detected","Not detected","Low-quality","virulent",0,"FCH3CGLCCXYL4FAA_NODE_286",9542,559.547950831044,0.000559547950831043,23.0785458777471,2.30785458777471e-05,0,0,0,0,TRUE,"Caudoviricetes",FALSE,"",FALSE,"",FALSE,""
"vOTU0299","Caudoviricetes","Unclassified","Unclassified","Unclassified","Rare","Rare","Not detected","Rare","Low-quality","virulent",0,"FCH3CGLCCXYL4FAA_NODE_287",9537,744.392638624379,0.000744392638624378,184.725319301489,0.000184725319301489,0,0,115.712082050544,0.000115712082050544,TRUE,"Caudoviricetes",FALSE,"",FALSE,"",FALSE,""
"vOTU0300","Caudoviricetes","Unclassified","Unclassified","Unclassified","Rare","Rare","Not detected","Rare","Low-quality","virulent",0,"FCH3CGLCCXYL4FAA_NODE_288",9516,830.765087884209,0.000830765087884208,208.274598998875,0.000208274598998875,0,0,30.9246452115232,3.09246452115232e-05,TRUE,"Caudoviricetes",FALSE,"",FALSE,"",FALSE,""
"vOTU0301","Caudoviricetes","Unclassified","Unclassified","Unclassified","Rare","Rare","Not detected","Not detected","Low-quality","virulent",0,"FCH3CGLCCXYL4FAA_NODE_289",9515,721.31264483679,0.000721312644836789,231.44040214119,0.00023144040214119,0,0,0,0,TRUE,"Caudoviricetes",FALSE,"",FALSE,"",FALSE,""
"vOTU0043","Caudoviricetes","Unclassified","Unclassified","Unclassified","Rare","Rare","Rare","Not detected","Low-quality","virulent",0,"FCH3CGLCCXYL4FAA_NODE_29",34677,763.326350645544,0.000763326350645543,120.659131159725,0.000120659131159725,9.14658477648957,9.14658477648957e-06,0,0,TRUE,"Caudoviricetes",FALSE,"",FALSE,"",FALSE,""
"vOTU0302","Caudoviricetes","Unclassified","Unclassified","Unclassified","Rare","Rare","Not detected","Not detected","Low-quality","virulent",0,"FCH3CGLCCXYL4FAA_NODE_290",9515,514.632878424072,0.000514632878424071,185.152313192671,0.000185152313192671,0,0,0,0,TRUE,"Caudoviricetes",FALSE,"",FALSE,"",FALSE,""
"vOTU0303","Caudoviricetes","Unclassified","Unclassified","Unclassified","Intermediate","Rare","Not detected","Rare","Low-quality","virulent",0,"FCH3CGLCCXYL4FAA_NODE_291",9504,1121.50083616627,0.00112150083616627,509.758454086938,0.000509758454086938,0,0,356.082605840716,0.000356082605840716,TRUE,"Caudoviricetes",FALSE,"",FALSE,"",FALSE,""
"vOTU0304","Caudoviricetes","Unclassified","Unclassified","Unclassified","Rare","Rare","Not detected","Not detected","Low-quality","virulent",0,"FCH3CGLCCXYL4FAA_NODE_292",9495,428.728243069769,0.000428728243069768,46.3856078267299,4.63856078267298e-05,0,0,0,0,TRUE,"Caudoviricetes",FALSE,"",FALSE,"",FALSE,""
"vOTU0305","Caudoviricetes","Unclassified","Unclassified","Unclassified","Intermediate","Rare","Not detected","Not detected","Low-quality","virulent",0,"FCH3CGLCCXYL4FAA_NODE_294",9478,1606.98376467197,0.00160698376467197,278.812782072286,0.000278812782072286,0,0,0,0,TRUE,"Caudoviricetes",FALSE,"",FALSE,"",FALSE,""
"vOTU0306","Caudoviricetes","Unclassified","Autographiviridae","Unclassified","Intermediate","Rare","Not detected","Not detected","Low-quality","virulent",0,"FCH3CGLCCXYL4FAA_NODE_295",9461,3286.25678588218,0.00328625678588218,232.761386534862,0.000232761386534862,0,0,0,0,TRUE,"Caudoviricetes",FALSE,"[Order]_Autographiviridae",TRUE,"Autographiviridae",FALSE,""
"vOTU0307","Caudoviricetes","Unclassified","Unclassified","Unclassified","Rare","Rare","Not detected","Not detected","Low-quality","virulent",0,"FCH3CGLCCXYL4FAA_NODE_296",9457,710.139878742951,0.00071013987874295,46.57195063621,4.657195063621e-05,0,0,0,0,TRUE,"Caudoviricetes",FALSE,"",FALSE,"",FALSE,""
"vOTU0308","Caudoviricetes","Unclassified","Unclassified","Unclassified","Rare","Rare","Not detected","Not detected","Low-quality","virulent",0,"FCH3CGLCCXYL4FAA_NODE_297",9439,673.992302368982,0.000673992302368981,209.973596317313,0.000209973596317313,0,0,0,0,TRUE,"Caudoviricetes",FALSE,"",FALSE,"",FALSE,""
"vOTU0309","Caudoviricetes","Unclassified","Unclassified","Unclassified","Intermediate","Rare","Not detected","Not detected","Low-quality","virulent",0,"FCH3CGLCCXYL4FAA_NODE_298",9433,1033.00059822609,0.00103300059822609,140.071462884112,0.000140071462884112,0,0,0,0,TRUE,"Caudoviricetes",FALSE,"",FALSE,"",FALSE,""
"vOTU0311","Caudoviricetes","Unclassified","Unclassified","Unclassified","Intermediate","Rare","Not detected","Rare","Low-quality","virulent",0,"FCH3CGLCCXYL4FAA_NODE_299",9400,1470.73400730976,0.00147073400730976,632.534342601558,0.000632534342601557,0,0,39.1328525745387,3.91328525745387e-05,TRUE,"Caudoviricetes",FALSE,"",FALSE,"",FALSE,""
"vOTU0013","Caudoviricetes","Unclassified","Unclassified","Unclassified","Intermediate","Rare","Not detected","Not detected","Complete","virulent",1,"FCH3CGLCCXYL4FAA_NODE_3",57829,1555.96388617937,0.00155596388617936,464.581857118653,0.000464581857118653,0,0,0,0,TRUE,"Caudoviricetes",FALSE,"",FALSE,"",FALSE,""
"vOTU0044","Caudoviricetes","Unclassified","Autographiviridae","Unclassified","Intermediate","Rare","Not detected","Not detected","Medium-quality","temperate",1,"FCH3CGLCCXYL4FAA_NODE_30",33421,1830.86795191465,0.00183086795191465,197.674144424351,0.000197674144424351,0,0,0,0,TRUE,"Caudoviricetes",FALSE,"[Order]_Autographiviridae",TRUE,"Autographiviridae",FALSE,""
"vOTU0313","Maveriviricetes","Priklausovirales","Lavidaviridae","Unclassified","Intermediate","Not detected","Not detected","Not detected","Low-quality","virulent",0,"FCH3CGLCCXYL4FAA_NODE_300",9340,1671.78445140864,0.00167178445140864,0,0,0,0,0,0,TRUE,"Maveriviricetes",TRUE,"Priklausovirales",TRUE,"Lavidaviridae",FALSE,""
"vOTU0314","Caudoviricetes","Unclassified","Unclassified","Unclassified","Rare","Rare","Not detected","Not detected","Low-quality","virulent",0,"FCH3CGLCCXYL4FAA_NODE_301",9337,534.974298524927,0.000534974298524926,94.3410838505205,9.43410838505205e-05,0,0,0,0,TRUE,"Caudoviricetes",FALSE,"",FALSE,"",FALSE,""
"vOTU0315","Caudoviricetes","Unclassified","Unclassified","Unclassified","Intermediate","Rare","Not detected","Rare","Low-quality","temperate",0,"FCH3CGLCCXYL4FAA_NODE_302",9331,2807.26093439046,0.00280726093439045,755.213547225522,0.000755213547225522,0,0,31.5377688237389,3.15377688237389e-05,TRUE,"Caudoviricetes",FALSE,"",FALSE,"",FALSE,""
"vOTU0317","Caudoviricetes","Unclassified","Unclassified","Unclassified","Rare","Rare","Not detected","Not detected","Low-quality","virulent",0,"FCH3CGLCCXYL4FAA_NODE_304",9284,682.067784718186,0.000682067784718185,47.4397987859786,4.74397987859785e-05,0,0,0,0,TRUE,"Caudoviricetes",FALSE,"",FALSE,"",FALSE,""
"vOTU0319","Caudoviricetes","Unclassified","Unclassified","Unclassified","Rare","Rare","Not detected","Not detected","Low-quality","virulent",0,"FCH3CGLCCXYL4FAA_NODE_306",9255,719.264958322247,0.000719264958322246,333.119094629388,0.000333119094629388,0,0,0,0,TRUE,"Caudoviricetes",FALSE,"",FALSE,"",FALSE,""
"vOTU0320","Caudoviricetes","Unclassified","Unclassified","Unclassified","Intermediate","Rare","Not detected","Not detected","Low-quality","virulent",0,"FCH3CGLCCXYL4FAA_NODE_307",9234,1826.21097689661,0.00182621097689661,930.08539565362,0.00093008539565362,0,0,0,0,TRUE,"Caudoviricetes",FALSE,"",FALSE,"",FALSE,""
"vOTU0321","Caudoviricetes","Unclassified","Unclassified","Unclassified","Rare","Rare","Not detected","Not detected","Low-quality","virulent",0,"FCH3CGLCCXYL4FAA_NODE_309",9199,562.240097858539,0.000562240097858539,95.7562982938686,9.57562982938686e-05,0,0,0,0,TRUE,"Caudoviricetes",FALSE,"",FALSE,"",FALSE,""
"vOTU0045","Caudoviricetes","Unclassified","Unclassified","Unclassified","Intermediate","Rare","Not detected","Rare","High-quality","virulent",1,"FCH3CGLCCXYL4FAA_NODE_31",33092,1161.50077065038,0.00116150077065038,212.948708098675,0.000212948708098675,0,0,66.6956506986761,6.66956506986761e-05,TRUE,"Caudoviricetes",FALSE,"",FALSE,"",FALSE,""
"vOTU0322","Caudoviricetes","Unclassified","Unclassified","Unclassified","Rare","Not detected","Not detected","Not detected","Low-quality","virulent",0,"FCH3CGLCCXYL4FAA_NODE_310",9153,623.076494374267,0.000623076494374266,0,0,0,0,0,0,TRUE,"Caudoviricetes",FALSE,"",FALSE,"",FALSE,""
"vOTU0323","Caudoviricetes","Unclassified","Unclassified","Unclassified","Intermediate","Intermediate","Not detected","Rare","Low-quality","virulent",0,"FCH3CGLCCXYL4FAA_NODE_311",9145,1819.25440819387,0.00181925440819387,1059.53913974347,0.00105953913974347,0,0,16.0896162396451,1.60896162396451e-05,TRUE,"Caudoviricetes",FALSE,"",FALSE,"",FALSE,""
"vOTU0324","Caudoviricetes","Unclassified","Unclassified","Unclassified","Rare","Rare","Not detected","Not detected","Low-quality","virulent",0,"FCH3CGLCCXYL4FAA_NODE_312",9139,558.400179312755,0.000558400179312754,192.769891879611,0.000192769891879611,0,0,0,0,TRUE,"Caudoviricetes",FALSE,"",FALSE,"",FALSE,""
"vOTU0325","Caudoviricetes","Unclassified","Unclassified","Unclassified","Intermediate","Rare","Not detected","Rare","Low-quality","virulent",0,"FCH3CGLCCXYL4FAA_NODE_313",9136,1913.60550774131,0.0019136055077413,891.853892879682,0.000891853892879682,0,0,40.2636694263774,4.02636694263773e-05,TRUE,"Caudoviricetes",FALSE,"",FALSE,"",FALSE,""
"vOTU0326","Caudoviricetes","Unclassified","Unclassified","Unclassified","Intermediate","Rare","Rare","Rare","Low-quality","virulent",0,"FCH3CGLCCXYL4FAA_NODE_315",9118,1401.91145841849,0.00140191145841849,96.6069652966439,9.66069652966438e-05,191.321377695535,0.000191321377695535,32.2745230410024,3.22745230410024e-05,TRUE,"Caudoviricetes",FALSE,"",FALSE,"",FALSE,""
"vOTU0327","Caudoviricetes","Unclassified","Unclassified","Unclassified","Intermediate","Rare","Not detected","Not detected","Low-quality","virulent",0,"FCH3CGLCCXYL4FAA_NODE_316",9109,1447.5541374824,0.0014475541374824,314.282883017483,0.000314282883017483,0,0,0,0,TRUE,"Caudoviricetes",FALSE,"",FALSE,"",FALSE,""
"vOTU0328","Caudoviricetes","Unclassified","Unclassified","Unclassified","Rare","Rare","Not detected","Not detected","Low-quality","virulent",0,"FCH3CGLCCXYL4FAA_NODE_317",9106,716.996595374247,0.000716996595374246,241.835826799543,0.000241835826799543,0,0,0,0,TRUE,"Caudoviricetes",FALSE,"",FALSE,"",FALSE,""
"vOTU0329","Caudoviricetes","Unclassified","Unclassified","Unclassified","Rare","Rare","Rare","Not detected","Low-quality","virulent",0,"FCH3CGLCCXYL4FAA_NODE_318",9079,588.082969221591,0.00058808296922159,194.04387414217,0.00019404387414217,34.9351418925141,3.49351418925141e-05,0,0,TRUE,"Caudoviricetes",FALSE,"",FALSE,"",FALSE,""
"vOTU0046","Caudoviricetes","Unclassified","Unclassified","Unclassified","Intermediate","Intermediate","Rare","Not detected","Medium-quality","virulent",1,"FCH3CGLCCXYL4FAA_NODE_32",32934,3231.61833639055,0.00323161833639055,1370.74794791372,0.00137074794791372,19.2613238742388,1.92613238742388e-05,0,0,TRUE,"Caudoviricetes",FALSE,"",FALSE,"",FALSE,""
"vOTU0330","Caudoviricetes","Unclassified","Unclassified","Unclassified","Rare","Rare","Not detected","Not detected","Low-quality","virulent",0,"FCH3CGLCCXYL4FAA_NODE_320",9073,512.609903259902,0.000512609903259901,48.5430410039629,4.85430410039629e-05,0,0,0,0,TRUE,"Caudoviricetes",FALSE,"",FALSE,"",FALSE,""
"vOTU0331","Caudoviricetes","Unclassified","Unclassified","Unclassified","Intermediate","Rare","Rare","Not detected","Low-quality","virulent",0,"FCH3CGLCCXYL4FAA_NODE_322",9057,1303.87319050562,0.00130387319050561,145.886478104838,0.000145886478104838,35.02000420869,3.502000420869e-05,0,0,TRUE,"Caudoviricetes",FALSE,"",FALSE,"",FALSE,""
"vOTU0332","Caudoviricetes","Unclassified","Unclassified","Unclassified","Rare","Not detected","Not detected","Rare","Low-quality","virulent",0,"FCH3CGLCCXYL4FAA_NODE_323",9030,528.117773640287,0.000528117773640287,0,0,0,0,16.2945273485375,1.62945273485375e-05,TRUE,"Caudoviricetes",FALSE,"",FALSE,"",FALSE,""
"vOTU0333","Caudoviricetes","Unclassified","Unclassified","Unclassified","Rare","Rare","Not detected","Not detected","Low-quality","virulent",0,"FCH3CGLCCXYL4FAA_NODE_324",9019,575.641870899103,0.000575641870899103,48.8337082662437,4.88337082662437e-05,0,0,0,0,TRUE,"Caudoviricetes",FALSE,"",FALSE,"",FALSE,""
"vOTU0334","Caudoviricetes","Unclassified","Unclassified","Unclassified","Intermediate","Rare","Not detected","Not detected","Low-quality","virulent",0,"FCH3CGLCCXYL4FAA_NODE_326",8991,8283.12312589191,0.0082831231258919,391.886328200891,0.000391886328200891,0,0,0,0,TRUE,"Caudoviricetes",FALSE,"",FALSE,"",FALSE,""
"vOTU0335","Caudoviricetes","Unclassified","Unclassified","Unclassified","Rare","Rare","Not detected","Not detected","Low-quality","virulent",0,"FCH3CGLCCXYL4FAA_NODE_327",8971,708.056982748583,0.000708056982748581,98.1899888078419,9.81899888078419e-05,0,0,0,0,TRUE,"Caudoviricetes",FALSE,"",FALSE,"",FALSE,""
"vOTU0336","Caudoviricetes","Unclassified","Unclassified","Unclassified","Intermediate","Rare","Rare","Rare","Low-quality","virulent",0,"FCH3CGLCCXYL4FAA_NODE_328",8958,1269.98616340339,0.00126998616340339,49.1662356699467,4.91662356699467e-05,35.4070324393226,3.54070324393226e-05,49.27645313881,4.927645313881e-05,TRUE,"Caudoviricetes",FALSE,"",FALSE,"",FALSE,""
"vOTU0052","Caudoviricetes","Unclassified","Unclassified","Unclassified","Rare","Rare","Not detected","Not detected","Low-quality","virulent",0,"FCH3CGLCCXYL4FAA_NODE_33",27274,896.970966025703,0.000896970966025702,64.5935424249291,6.45935424249291e-05,0,0,0,0,TRUE,"Caudoviricetes",FALSE,"",FALSE,"",FALSE,""
"vOTU0337","Caudoviricetes","Unclassified","Unclassified","Unclassified","Rare","Rare","Not detected","Not detected","Low-quality","virulent",0,"FCH3CGLCCXYL4FAA_NODE_330",8949,774.624854609473,0.000774624854609472,221.470693331843,0.000221470693331843,0,0,0,0,TRUE,"Caudoviricetes",FALSE,"",FALSE,"",FALSE,""
"vOTU0338","Caudoviricetes","Unclassified","Unclassified","Unclassified","Rare","Rare","Not detected","Not detected","Low-quality","virulent",0,"FCH3CGLCCXYL4FAA_NODE_332",8911,724.96290197083,0.000724962901970829,49.4255589478479,4.94255589478478e-05,0,0,0,0,TRUE,"Caudoviricetes",FALSE,"",FALSE,"",FALSE,""
"vOTU0339","Caudoviricetes","Unclassified","Unclassified","Unclassified","Rare","Rare","Not detected","Not detected","Low-quality","virulent",0,"FCH3CGLCCXYL4FAA_NODE_333",8906,632.628425979565,0.000632628425979564,148.359919990642,0.000148359919990642,0,0,0,0,TRUE,"Caudoviricetes",FALSE,"",FALSE,"",FALSE,""
"vOTU0340","Caudoviricetes","Unclassified","Unclassified","Unclassified","Intermediate","Rare","Not detected","Not detected","Low-quality","virulent",0,"FCH3CGLCCXYL4FAA_NODE_334",8905,1701.55276032634,0.00170155276032633,49.4588455563359,4.94588455563358e-05,0,0,0,0,TRUE,"Caudoviricetes",FALSE,"",FALSE,"",FALSE,""
"vOTU0341","Caudoviricetes","Unclassified","Unclassified","Unclassified","Intermediate","Rare","Not detected","Not detected","Low-quality","virulent",0,"FCH3CGLCCXYL4FAA_NODE_335",8905,1139.52149854521,0.0011395214985452,840.800794081557,0.000840800794081557,0,0,0,0,TRUE,"Caudoviricetes",FALSE,"",FALSE,"",FALSE,""
"vOTU0343","Caudoviricetes","Unclassified","Unclassified","Unclassified","Rare","Rare","Not detected","Not detected","Low-quality","virulent",0,"FCH3CGLCCXYL4FAA_NODE_337",8889,517.689751560821,0.00051768975156082,495.479101855486,0.000495479101855486,0,0,0,0,TRUE,"Caudoviricetes",FALSE,"",FALSE,"",FALSE,""
"vOTU0344","Caudoviricetes","Unclassified","Unclassified","Unclassified","Intermediate","Rare","Not detected","Rare","Low-quality","virulent",0,"FCH3CGLCCXYL4FAA_NODE_338",8877,4142.68723566207,0.00414268723566206,396.918917480858,0.000396918917480858,0,0,16.5753608037476,1.65753608037476e-05,TRUE,"Caudoviricetes",FALSE,"",FALSE,"",FALSE,""
"vOTU0345","Caudoviricetes","Unclassified","Unclassified","Unclassified","Rare","Rare","Not detected","Rare","Low-quality","virulent",0,"FCH3CGLCCXYL4FAA_NODE_339",8871,896.711269147622,0.000896711269147621,347.538903696042,0.000347538903696041,0,0,91.2261586526981,9.12261586526981e-05,TRUE,"Caudoviricetes",FALSE,"",FALSE,"",FALSE,""
"vOTU0047","Caudoviricetes","Unclassified","Unclassified","Unclassified","Intermediate","Rare","Not detected","Not detected","Low-quality","virulent",0,"FCH3CGLCCXYL4FAA_NODE_34",30723,1499.41786904252,0.00149941786904252,530.415407184948,0.000530415407184948,0,0,0,0,TRUE,"Caudoviricetes",FALSE,"",FALSE,"",FALSE,""
"vOTU0346","Caudoviricetes","Unclassified","Unclassified","Unclassified","Rare","Rare","Not detected","Not detected","Low-quality","virulent",0,"FCH3CGLCCXYL4FAA_NODE_340",8868,752.871508002481,0.00075287150800248,49.6652088965115,4.96652088965115e-05,0,0,0,0,TRUE,"Caudoviricetes",FALSE,"",FALSE,"",FALSE,""
"vOTU0347","Caudoviricetes","Unclassified","Unclassified","Unclassified","Rare","Rare","Not detected","Rare","Low-quality","virulent",0,"FCH3CGLCCXYL4FAA_NODE_341",8867,748.520824300083,0.000748520824300082,347.695719471103,0.000347695719471103,0,0,16.5940551558894,1.65940551558894e-05,TRUE,"Caudoviricetes",FALSE,"",FALSE,"",FALSE,""
"vOTU0348","Caudoviricetes","Unclassified","Unclassified","Unclassified","Intermediate","Rare","Rare","Not detected","Low-quality","virulent",0,"FCH3CGLCCXYL4FAA_NODE_342",8845,1302.88629443224,0.00130288629443224,99.5887527183075,9.95887527183075e-05,35.8593682535327,3.58593682535327e-05,0,0,TRUE,"Caudoviricetes",FALSE,"",FALSE,"",FALSE,""
"vOTU0349","Caudoviricetes","Unclassified","Unclassified","Unclassified","Intermediate","Rare","Not detected","Not detected","Low-quality","virulent",0,"FCH3CGLCCXYL4FAA_NODE_343",8843,1081.90702110093,0.00108190702110092,49.8056082198153,4.98056082198153e-05,0,0,0,0,TRUE,"Caudoviricetes",FALSE,"",FALSE,"",FALSE,""
"vOTU0350","Caudoviricetes","Unclassified","Unclassified","Unclassified","Intermediate","Rare","Not detected","Not detected","Low-quality","virulent",0,"FCH3CGLCCXYL4FAA_NODE_344",8842,1303.32863000077,0.00130332863000077,199.245039315294,0.000199245039315294,0,0,0,0,TRUE,"Caudoviricetes",FALSE,"",FALSE,"",FALSE,""
"vOTU0351","Caudoviricetes","Unclassified","Unclassified","Unclassified","Rare","Rare","Not detected","Rare","Low-quality","virulent",0,"FCH3CGLCCXYL4FAA_NODE_345",8834,745.751954641601,0.0007457519546416,398.851082944054,0.000398851082944054,0,0,74.9521797249152,7.49521797249152e-05,TRUE,"Caudoviricetes",FALSE,"",FALSE,"",FALSE,""
"vOTU0352","Caudoviricetes","Unclassified","Unclassified","Unclassified","Rare","Not detected","Not detected","Not detected","Low-quality","virulent",0,"FCH3CGLCCXYL4FAA_NODE_347",8796,562.288897382653,0.000562288897382652,0,0,0,0,0,0,TRUE,"Caudoviricetes",FALSE,"",FALSE,"",FALSE,""
"vOTU0353","Caudoviricetes","Unclassified","Unclassified","Unclassified","Rare","Rare","Not detected","Not detected","Low-quality","virulent",0,"FCH3CGLCCXYL4FAA_NODE_348",8761,601.572106832584,0.000601572106832584,226.223157067416,0.000226223157067416,0,0,0,0,TRUE,"Caudoviricetes",FALSE,"",FALSE,"",FALSE,""
"vOTU0354","Caudoviricetes","Unclassified","Unclassified","Unclassified","Rare","Rare","Not detected","Not detected","Low-quality","virulent",0,"FCH3CGLCCXYL4FAA_NODE_349",8751,716.868772259268,0.000716868772259267,402.633832178177,0.000402633832178177,0,0,0,0,TRUE,"Caudoviricetes",FALSE,"",FALSE,"",FALSE,""
"vOTU0048","Caudoviricetes","Unclassified","Unclassified","Unclassified","Intermediate","Rare","Not detected","Not detected","Medium-quality","virulent",1,"FCH3CGLCCXYL4FAA_NODE_35",30195,1370.30573716359,0.00137030573716358,299.017819456672,0.000299017819456672,0,0,0,0,TRUE,"Caudoviricetes",FALSE,"",FALSE,"",FALSE,""
"vOTU0356","Caudoviricetes","Unclassified","Unclassified","Unclassified","Rare","Rare","Not detected","Not detected","Low-quality","virulent",0,"FCH3CGLCCXYL4FAA_NODE_352",8739,699.850657274556,0.000699850657274555,50.3983194498183,5.03983194498183e-05,0,0,0,0,TRUE,"Caudoviricetes",FALSE,"",FALSE,"",FALSE,""
"vOTU0357","Caudoviricetes","Unclassified","Unclassified","Unclassified","Rare","Rare","Not detected","Not detected","Low-quality","virulent",0,"FCH3CGLCCXYL4FAA_NODE_353",8688,459.497014136792,0.000459497014136792,50.6942032542497,5.06942032542497e-05,0,0,0,0,TRUE,"Caudoviricetes",FALSE,"",FALSE,"",FALSE,""
"vOTU0359","Caudoviricetes","Unclassified","Unclassified","Unclassified","Rare","Not detected","Not detected","Not detected","Low-quality","virulent",0,"FCH3CGLCCXYL4FAA_NODE_354",8654,716.95016871501,0.000716950168715008,0,0,0,0,0,0,TRUE,"Caudoviricetes",FALSE,"",FALSE,"",FALSE,""
"vOTU0360","Caudoviricetes","Unclassified","Unclassified","Unclassified","Rare","Rare","Not detected","Rare","Low-quality","virulent",0,"FCH3CGLCCXYL4FAA_NODE_355",8633,709.582710895432,0.000709582710895431,204.068636748342,0.000204068636748342,0,0,25.5657747753073,2.55657747753073e-05,TRUE,"Caudoviricetes",FALSE,"",FALSE,"",FALSE,""
"vOTU0361","Caudoviricetes","Unclassified","Unclassified","Unclassified","Rare","Rare","Not detected","Not detected","Low-quality","virulent",0,"FCH3CGLCCXYL4FAA_NODE_357",8627,818.354189660142,0.000818354189660141,51.0526408330118,5.10526408330118e-05,0,0,0,0,TRUE,"Caudoviricetes",FALSE,"",FALSE,"",FALSE,""
"vOTU0363","Caudoviricetes","Unclassified","Kyanoviridae","Unclassified","Rare","Rare","Not detected","Not detected","Low-quality","virulent",0,"FCH3CGLCCXYL4FAA_NODE_358",8619,811.128144999833,0.000811128144999832,255.500185135644,0.000255500185135644,0,0,0,0,TRUE,"Caudoviricetes",FALSE,"[Order]_Kyanoviridae",TRUE,"Kyanoviridae",FALSE,""
"vOTU0364","Caudoviricetes","Unclassified","Unclassified","Unclassified","Rare","Rare","Not detected","Not detected","Low-quality","virulent",0,"FCH3CGLCCXYL4FAA_NODE_359",8614,714.571910964426,0.000714571910964425,281.213477797402,0.000281213477797402,0,0,0,0,TRUE,"Caudoviricetes",FALSE,"",FALSE,"",FALSE,""
"vOTU0049","Caudoviricetes","Unclassified","Unclassified","Unclassified","Rare","Rare","Not detected","Not detected","Medium-quality","virulent",1,"FCH3CGLCCXYL4FAA_NODE_36",28507,703.992888392859,0.000703992888392858,15.4499357697602,1.54499357697602e-05,0,0,0,0,TRUE,"Caudoviricetes",FALSE,"",FALSE,"",FALSE,""
"vOTU0365","Caudoviricetes","Unclassified","Unclassified","Unclassified","Rare","Not detected","Not detected","Not detected","Low-quality","virulent",0,"FCH3CGLCCXYL4FAA_NODE_360",8582,711.507847328053,0.000711507847328052,0,0,0,0,0,0,TRUE,"Caudoviricetes",FALSE,"",FALSE,"",FALSE,""
"vOTU0366","Caudoviricetes","Unclassified","Unclassified","Unclassified","Intermediate","Rare","Not detected","Not detected","Low-quality","virulent",0,"FCH3CGLCCXYL4FAA_NODE_362",8572,4226.99752153478,0.00422699752153477,256.901174969567,0.000256901174969567,0,0,0,0,TRUE,"Caudoviricetes",FALSE,"",FALSE,"",FALSE,""
"vOTU0367","Caudoviricetes","Unclassified","Unclassified","Unclassified","Intermediate","Not detected","Not detected","Not detected","Low-quality","virulent",0,"FCH3CGLCCXYL4FAA_NODE_363",8570,3645.13030780801,0.00364513030780801,0,0,0,0,0,0,TRUE,"Caudoviricetes",FALSE,"",FALSE,"",FALSE,""
"vOTU0368","Caudoviricetes","Unclassified","Unclassified","Unclassified","Rare","Rare","Not detected","Not detected","Low-quality","virulent",0,"FCH3CGLCCXYL4FAA_NODE_364",8560,659.348130835079,0.000659348130835078,102.90448404042,0.00010290448404042,0,0,0,0,TRUE,"Caudoviricetes",FALSE,"",FALSE,"",FALSE,""
"vOTU0369","Caudoviricetes","Unclassified","Unclassified","Unclassified","Rare","Not detected","Not detected","Not detected","Low-quality","virulent",0,"FCH3CGLCCXYL4FAA_NODE_365",8560,606.508336887683,0.000606508336887682,0,0,0,0,0,0,TRUE,"Caudoviricetes",FALSE,"",FALSE,"",FALSE,""
"vOTU0370","Caudoviricetes","Unclassified","Unclassified","Unclassified","Intermediate","Rare","Not detected","Not detected","Low-quality","virulent",0,"FCH3CGLCCXYL4FAA_NODE_366",8559,1456.70941716011,0.00145670941716011,205.833016574462,0.000205833016574462,0,0,0,0,TRUE,"Caudoviricetes",FALSE,"",FALSE,"",FALSE,""
"vOTU0371","Caudoviricetes","Unclassified","Unclassified","Unclassified","Rare","Rare","Not detected","Not detected","Low-quality","virulent",0,"FCH3CGLCCXYL4FAA_NODE_367",8540,685.071160537734,0.000685071160537733,51.5727251862627,5.15727251862627e-05,0,0,0,0,TRUE,"Caudoviricetes",FALSE,"",FALSE,"",FALSE,""
"vOTU0372","Caudoviricetes","Unclassified","Unclassified","Unclassified","Intermediate","Intermediate","Rare","Rare","Low-quality","virulent",0,"FCH3CGLCCXYL4FAA_NODE_368",8531,6059.19267190166,0.00605919267190166,4052.73138377653,0.00405273138377653,37.1792576144198,3.71792576144198e-05,396.695613534613,0.000396695613534613,TRUE,"Caudoviricetes",FALSE,"",FALSE,"",FALSE,""
"vOTU0373","Caudoviricetes","Unclassified","Unclassified","Unclassified","Rare","Rare","Not detected","Rare","Low-quality","virulent",0,"FCH3CGLCCXYL4FAA_NODE_369",8526,981.433786363767,0.000981433786363766,154.972241823203,0.000154972241823203,0,0,112.175307620115,0.000112175307620115,TRUE,"Caudoviricetes",FALSE,"",FALSE,"",FALSE,""
"vOTU0050","Caudoviricetes","Unclassified","Unclassified","Unclassified","Rare","Not detected","Rare","Not detected","Medium-quality","virulent",1,"FCH3CGLCCXYL4FAA_NODE_37",27959,894.337565380134,0.000894337565380133,0,0,5.6721635882018,5.6721635882018e-06,0,0,TRUE,"Caudoviricetes",FALSE,"",FALSE,"",FALSE,""
"vOTU0374","Caudoviricetes","Unclassified","Unclassified","Unclassified","Rare","Rare","Not detected","Not detected","Low-quality","virulent",0,"FCH3CGLCCXYL4FAA_NODE_371",8522,784.59275661801,0.000784592756618009,206.726730167813,0.000206726730167813,0,0,0,0,TRUE,"Caudoviricetes",FALSE,"",FALSE,"",FALSE,""
"vOTU0375","Caudoviricetes","Unclassified","Unclassified","Unclassified","Intermediate","Rare","Not detected","Rare","Low-quality","virulent",0,"FCH3CGLCCXYL4FAA_NODE_372",8512,1737.37235404413,0.00173737235404413,465.681548509457,0.000465681548509456,0,0,34.5722518834297,3.45722518834297e-05,TRUE,"Caudoviricetes",FALSE,"",FALSE,"",FALSE,""
"vOTU0376","Caudoviricetes","Unclassified","Unclassified","Unclassified","Rare","Rare","Not detected","Not detected","Low-quality","virulent",0,"FCH3CGLCCXYL4FAA_NODE_373",8512,556.791065338601,0.0005567910653386,51.742389545339,5.17423895453389e-05,0,0,0,0,TRUE,"Caudoviricetes",FALSE,"",FALSE,"",FALSE,""
"vOTU0377","Caudoviricetes","Unclassified","Unclassified","Unclassified","Intermediate","Rare","Not detected","Not detected","Low-quality","virulent",0,"FCH3CGLCCXYL4FAA_NODE_374",8494,1553.52021885054,0.00155352021885053,285.186293203879,0.000285186293203879,0,0,0,0,TRUE,"Caudoviricetes",FALSE,"",FALSE,"",FALSE,""
"vOTU0378","Caudoviricetes","Unclassified","Autographiviridae","Unclassified","Rare","Rare","Not detected","Not detected","Low-quality","virulent",0,"FCH3CGLCCXYL4FAA_NODE_375",8482,616.723160653303,0.000616723160653302,207.70156535825,0.00020770156535825,0,0,0,0,TRUE,"Caudoviricetes",FALSE,"[Order]_Autographiviridae",TRUE,"Autographiviridae",FALSE,""
"vOTU0379","Caudoviricetes","Unclassified","Unclassified","Unclassified","Intermediate","Rare","Not detected","Rare","Low-quality","virulent",0,"FCH3CGLCCXYL4FAA_NODE_376",8476,1010.42458655714,0.00101042458655714,285.791829587124,0.000285791829587124,0,0,17.3595512153254,1.73595512153254e-05,TRUE,"Caudoviricetes",FALSE,"",FALSE,"",FALSE,""
"vOTU0380","Caudoviricetes","Unclassified","Unclassified","Unclassified","Rare","Rare","Not detected","Not detected","Low-quality","virulent",0,"FCH3CGLCCXYL4FAA_NODE_377",8458,753.327505520292,0.000753327505520291,364.509152429495,0.000364509152429495,0,0,0,0,TRUE,"Caudoviricetes",FALSE,"",FALSE,"",FALSE,""
"vOTU0455","Caudoviricetes","Unclassified","Unclassified","Unclassified","Intermediate","Rare","Not detected","Not detected","Low-quality","virulent",0,"FCH3CGLCCXYL4FAA_NODE_378",7707,1038.52227876056,0.00103852227876056,114.293778197359,0.000114293778197359,0,0,0,0,TRUE,"Caudoviricetes",FALSE,"",FALSE,"",FALSE,""
"vOTU0381","Caudoviricetes","Unclassified","Unclassified","Unclassified","Rare","Rare","Not detected","Rare","Low-quality","virulent",0,"FCH3CGLCCXYL4FAA_NODE_379",8431,654.275113508803,0.000654275113508802,235.077880581247,0.000235077880581247,0,0,87.2609583404813,8.72609583404813e-05,TRUE,"Caudoviricetes",FALSE,"",FALSE,"",FALSE,""
"vOTU0382","Caudoviricetes","Unclassified","Unclassified","Unclassified","Rare","Rare","Not detected","Not detected","Low-quality","virulent",0,"FCH3CGLCCXYL4FAA_NODE_380",8430,755.830398597689,0.000755830398597688,313.474095326762,0.000313474095326762,0,0,0,0,TRUE,"Caudoviricetes",FALSE,"",FALSE,"",FALSE,""
"vOTU0383","Caudoviricetes","Unclassified","Autographiviridae","Unclassified","Intermediate","Rare","Not detected","Not detected","Low-quality","virulent",0,"FCH3CGLCCXYL4FAA_NODE_382",8423,2743.32828476838,0.00274332828476837,549.035693571127,0.000549035693571127,0,0,0,0,TRUE,"Caudoviricetes",FALSE,"[Order]_Autographiviridae",TRUE,"Autographiviridae",FALSE,""
"vOTU0384","Caudoviricetes","Unclassified","Unclassified","Unclassified","Rare","Rare","Not detected","Rare","Low-quality","virulent",0,"FCH3CGLCCXYL4FAA_NODE_383",8423,756.457769689869,0.000756457769689868,209.156384198579,0.000209156384198579,0,0,17.4687775210138,1.74687775210138e-05,TRUE,"Caudoviricetes",FALSE,"",FALSE,"",FALSE,""
"vOTU0385","Caudoviricetes","Unclassified","Unclassified","Unclassified","Rare","Not detected","Not detected","Not detected","Low-quality","virulent",0,"FCH3CGLCCXYL4FAA_NODE_384",8407,833.921549440748,0.000833921549440747,0,0,0,0,0,0,TRUE,"Caudoviricetes",FALSE,"",FALSE,"",FALSE,""
"vOTU0386","Caudoviricetes","Unclassified","Unclassified","Unclassified","Rare","Rare","Not detected","Not detected","Low-quality","virulent",0,"FCH3CGLCCXYL4FAA_NODE_385",8390,895.381266400534,0.000895381266400532,52.4947516739651,5.24947516739651e-05,0,0,0,0,TRUE,"Caudoviricetes",FALSE,"",FALSE,"",FALSE,""
"vOTU0387","Caudoviricetes","Unclassified","Unclassified","Unclassified","Rare","Rare","Not detected","Not detected","Low-quality","virulent",0,"FCH3CGLCCXYL4FAA_NODE_386",8370,632.02358511954,0.00063202358511954,105.240459709716,0.000105240459709716,0,0,0,0,TRUE,"Caudoviricetes",FALSE,"",FALSE,"",FALSE,""
"vOTU0388","Caudoviricetes","Unclassified","Unclassified","Unclassified","Rare","Rare","Not detected","Not detected","Low-quality","virulent",0,"FCH3CGLCCXYL4FAA_NODE_387",8370,492.227017944549,0.000492227017944549,52.6202085541549,5.26202085541548e-05,0,0,0,0,TRUE,"Caudoviricetes",FALSE,"",FALSE,"",FALSE,""
"vOTU0389","Caudoviricetes","Unclassified","Autographiviridae","Unclassified","Rare","Rare","Not detected","Not detected","Low-quality","virulent",0,"FCH3CGLCCXYL4FAA_NODE_388",8365,613.594502361976,0.000613594502361975,52.6516803427522,5.26516803427521e-05,0,0,0,0,TRUE,"Caudoviricetes",FALSE,"[Order]_Autographiviridae",TRUE,"Autographiviridae",FALSE,""
"vOTU0051","Caudoviricetes","Unclassified","Unclassified","Unclassified","Rare","Rare","Rare","Rare","Medium-quality","virulent",1,"FCH3CGLCCXYL4FAA_NODE_39",27714,784.806697950151,0.00078480669795015,111.244103305348,0.000111244103305348,11.44462026592,1.144462026592e-05,10.6184222458935,1.06184222458935e-05,TRUE,"Caudoviricetes",FALSE,"",FALSE,"",FALSE,""
"vOTU0390","Caudoviricetes","Unclassified","Unclassified","Unclassified","Rare","Rare","Not detected","Not detected","Low-quality","virulent",0,"FCH3CGLCCXYL4FAA_NODE_391",8355,510.763862323143,0.000510763862323142,52.7146856919853,5.27146856919853e-05,0,0,0,0,TRUE,"Caudoviricetes",FALSE,"",FALSE,"",FALSE,""
"vOTU0391","Caudoviricetes","Unclassified","Unclassified","Unclassified","Intermediate","Rare","Rare","Not detected","Low-quality","virulent",0,"FCH3CGLCCXYL4FAA_NODE_392",8354,3383.91911050639,0.00338391911050639,553.570336318411,0.000553570336318411,75.9339770282217,7.59339770282217e-05,0,0,TRUE,"Caudoviricetes",FALSE,"",FALSE,"",FALSE,""
"vOTU0392","Caudoviricetes","Unclassified","Unclassified","Unclassified","Rare","Rare","Not detected","Not detected","Not-determined","virulent",0,"FCH3CGLCCXYL4FAA_NODE_393",8324,642.604405316013,0.000642604405316012,52.9110164010751,5.2911016401075e-05,0,0,0,0,TRUE,"Caudoviricetes",FALSE,"",FALSE,"",FALSE,""
"vOTU0393","Caudoviricetes","Unclassified","Unclassified","Unclassified","Intermediate","Not detected","Not detected","Not detected","Low-quality","virulent",0,"FCH3CGLCCXYL4FAA_NODE_394",8322,1606.89642406987,0.00160689642406987,0,0,0,0,0,0,TRUE,"Caudoviricetes",FALSE,"",FALSE,"",FALSE,""
"vOTU0394","Caudoviricetes","Unclassified","Unclassified","Unclassified","Rare","Rare","Not detected","Rare","Low-quality","virulent",0,"FCH3CGLCCXYL4FAA_NODE_395",8311,816.342695327038,0.000816342695327037,317.962685954286,0.000317962685954285,0,0,35.4083839264332,3.54083839264332e-05,TRUE,"Caudoviricetes",FALSE,"",FALSE,"",FALSE,""
"vOTU0395","Caudoviricetes","Unclassified","Unclassified","Unclassified","Rare","Rare","Not detected","Not detected","Low-quality","virulent",0,"FCH3CGLCCXYL4FAA_NODE_396",8297,643.51021652196,0.000643510216521959,265.416067068656,0.000265416067068656,0,0,0,0,TRUE,"Caudoviricetes",FALSE,"",FALSE,"",FALSE,""
"vOTU0396","Caudoviricetes","Unclassified","Unclassified","Unclassified","Rare","Rare","Not detected","Not detected","Low-quality","virulent",0,"FCH3CGLCCXYL4FAA_NODE_397",8295,874.815742394736,0.000874815742394734,53.0959640145125,5.30959640145124e-05,0,0,0,0,TRUE,"Caudoviricetes",FALSE,"",FALSE,"",FALSE,""
"vOTU0397","Caudoviricetes","Unclassified","Unclassified","Unclassified","Rare","Rare","Not detected","Not detected","Low-quality","virulent",0,"FCH3CGLCCXYL4FAA_NODE_398",8290,545.606890318692,0.000545606890318691,53.1279789710348,5.31279789710348e-05,0,0,0,0,TRUE,"Caudoviricetes",FALSE,"",FALSE,"",FALSE,""
"vOTU0398","Caudoviricetes","Unclassified","Unclassified","Unclassified","Rare","Rare","Not detected","Not detected","Low-quality","virulent",0,"FCH3CGLCCXYL4FAA_NODE_399",8273,710.746924689527,0.000710746924689526,133.093007528816,0.000133093007528816,0,0,0,0,TRUE,"Caudoviricetes",FALSE,"",FALSE,"",FALSE,""
"vOTU0014","Caudoviricetes","Unclassified","Unclassified","Unclassified","Intermediate","Rare","Not detected","Rare","Medium-quality","virulent",1,"FCH3CGLCCXYL4FAA_NODE_4",55150,4986.28551981325,0.00498628551981324,331.421599010508,0.000331421599010507,0,0,2.66798873758251,2.66798873758251e-06,TRUE,"Caudoviricetes",FALSE,"",FALSE,"",FALSE,""
"vOTU0054","Caudoviricetes","Unclassified","Unclassified","Unclassified","Intermediate","Rare","Not detected","Not detected","Low-quality","virulent",0,"FCH3CGLCCXYL4FAA_NODE_40",26535,1585.99364166338,0.00158599364166338,365.158738666425,0.000365158738666425,0,0,0,0,TRUE,"Caudoviricetes",FALSE,"",FALSE,"",FALSE,""
"vOTU0399","Caudoviricetes","Unclassified","Unclassified","Unclassified","Rare","Rare","Not detected","Not detected","Low-quality","virulent",0,"FCH3CGLCCXYL4FAA_NODE_400",8267,706.504985309774,0.000706504985309773,319.654984201648,0.000319654984201648,0,0,0,0,TRUE,"Caudoviricetes",FALSE,"",FALSE,"",FALSE,""
"vOTU0400","Caudoviricetes","Unclassified","Unclassified","Unclassified","Intermediate","Rare","Rare","Not detected","Low-quality","virulent",0,"FCH3CGLCCXYL4FAA_NODE_401",8259,1072.68927994981,0.00107268927994981,213.309691111438,0.000213309691111438,38.4037074748874,3.84037074748874e-05,0,0,TRUE,"Caudoviricetes",FALSE,"",FALSE,"",FALSE,""
"vOTU0401","Caudoviricetes","Unclassified","Unclassified","Unclassified","Rare","Rare","Not detected","Rare","Low-quality","virulent",0,"FCH3CGLCCXYL4FAA_NODE_402",8259,729.809682210608,0.000729809682210607,159.982350341285,0.000159982350341285,0,0,17.8156621705585,1.78156621705585e-05,TRUE,"Caudoviricetes",FALSE,"",FALSE,"",FALSE,""
"vOTU0402","Caudoviricetes","Unclassified","Unclassified","Unclassified","Intermediate","Rare","Not detected","Not detected","Low-quality","virulent",0,"FCH3CGLCCXYL4FAA_NODE_403",8239,1868.93464866989,0.00186893464866989,106.913766250335,0.000106913766250335,0,0,0,0,TRUE,"Caudoviricetes",FALSE,"",FALSE,"",FALSE,""
"vOTU0403","Caudoviricetes","Unclassified","Unclassified","Unclassified","Rare","Rare","Not detected","Rare","Low-quality","virulent",0,"FCH3CGLCCXYL4FAA_NODE_404",8238,885.643292601634,0.000885643292601633,240.585113424878,0.000240585113424878,0,0,17.8610679582123,1.78610679582123e-05,TRUE,"Caudoviricetes",FALSE,"",FALSE,"",FALSE,""
"vOTU0404","Caudoviricetes","Unclassified","Unclassified","Unclassified","Rare","Rare","Not detected","Not detected","Low-quality","virulent",0,"FCH3CGLCCXYL4FAA_NODE_405",8237,360.507922490325,0.000360507922490325,106.939774408627,0.000106939774408627,0,0,0,0,TRUE,"Caudoviricetes",FALSE,"",FALSE,"",FALSE,""
"vOTU0406","Caudoviricetes","Unclassified","Unclassified","Unclassified","Rare","Rare","Not detected","Not detected","Low-quality","virulent",0,"FCH3CGLCCXYL4FAA_NODE_407",8230,540.027014673932,0.000540027014673931,53.5153152134788,5.35153152134787e-05,0,0,0,0,TRUE,"Caudoviricetes",FALSE,"",FALSE,"",FALSE,""
"vOTU0407","Caudoviricetes","Unclassified","Unclassified","Unclassified","Rare","Rare","Not detected","Not detected","Low-quality","virulent",0,"FCH3CGLCCXYL4FAA_NODE_408",8222,771.36357953675,0.000771363579536749,107.134839855962,0.000107134839855962,0,0,0,0,TRUE,"Caudoviricetes",FALSE,"",FALSE,"",FALSE,""
"vOTU0408","Unclassified","Unclassified","Unclassified","Unclassified","Rare","Rare","Not detected","Not detected","Not-determined","virulent",0,"FCH3CGLCCXYL4FAA_NODE_409",8215,772.020791202369,0.000772020791202368,53.6130321882267,5.36130321882267e-05,0,0,0,0,FALSE,,FALSE,,FALSE,,FALSE,
"vOTU0055","Caudoviricetes","Unclassified","Unclassified","Unclassified","Intermediate","Rare","Not detected","Not detected","Low-quality","temperate",0,"FCH3CGLCCXYL4FAA_NODE_41",26446,1587.24119334812,0.00158724119334812,532.92727127872,0.00053292727127872,0,0,0,0,TRUE,"Caudoviricetes",FALSE,"",FALSE,"",FALSE,""
"vOTU0409","Caudoviricetes","Unclassified","Unclassified","Unclassified","Intermediate","Intermediate","Rare","Not detected","Low-quality","virulent",0,"FCH3CGLCCXYL4FAA_NODE_410",8206,1896.82048478607,0.00189682048478606,1636.9916111938,0.0016369916111938,38.6517571359314,3.86517571359314e-05,0,0,TRUE,"Caudoviricetes",FALSE,"",FALSE,"",FALSE,""
"vOTU0410","Caudoviricetes","Unclassified","Unclassified","Unclassified","Rare","Rare","Not detected","Not detected","Low-quality","virulent",0,"FCH3CGLCCXYL4FAA_NODE_411",8204,768.26174180902,0.000768261741809019,268.424599652934,0.000268424599652934,0,0,0,0,TRUE,"Caudoviricetes",FALSE,"",FALSE,"",FALSE,""
"vOTU0411","Caudoviricetes","Unclassified","Unclassified","Unclassified","Intermediate","Rare","Not detected","Not detected","Not-determined","virulent",0,"FCH3CGLCCXYL4FAA_NODE_412",8187,1379.97743852428,0.00137997743852428,322.778348875488,0.000322778348875488,0,0,0,0,TRUE,"Caudoviricetes",FALSE,"",FALSE,"",FALSE,""
"vOTU0412","Unclassified","Unclassified","Unclassified","Unclassified","Rare","Not detected","Not detected","Not detected","Low-quality","virulent",0,"FCH3CGLCCXYL4FAA_NODE_413",8187,894.763195021201,0.0008947631950212,0,0,0,0,0,0,FALSE,"",FALSE,"",FALSE,"",FALSE,""
"vOTU0413","Caudoviricetes","Unclassified","Unclassified","Unclassified","Rare","Rare","Not detected","Rare","Low-quality","virulent",0,"FCH3CGLCCXYL4FAA_NODE_414",8186,732.714308501988,0.000732714308501987,645.635808561704,0.000645635808561704,0,0,98.8599208946425,9.88599208946425e-05,TRUE,"Caudoviricetes",FALSE,"",FALSE,"",FALSE,""
"vOTU0414","Caudoviricetes","Unclassified","Unclassified","Unclassified","Intermediate","Rare","Not detected","Not detected","Low-quality","virulent",0,"FCH3CGLCCXYL4FAA_NODE_415",8185,1147.25859598211,0.00114725859598211,322.857459686216,0.000322857459686216,0,0,0,0,TRUE,"Caudoviricetes",FALSE,"",FALSE,"",FALSE,""
"vOTU0415","Caudoviricetes","Unclassified","Kyanoviridae","Unclassified","Rare","Rare","Not detected","Not detected","Low-quality","virulent",0,"FCH3CGLCCXYL4FAA_NODE_418",8169,399.618655822613,0.000399618655822612,107.829909483884,0.000107829909483884,0,0,0,0,TRUE,"Caudoviricetes",FALSE,"[Order]_Kyanoviridae",TRUE,"Kyanoviridae",FALSE,""
"vOTU0416","Caudoviricetes","Unclassified","Unclassified","Unclassified","Rare","Not detected","Not detected","Not detected","Low-quality","virulent",0,"FCH3CGLCCXYL4FAA_NODE_419",8168,639.227411136012,0.000639227411136011,0,0,0,0,0,0,TRUE,"Caudoviricetes",FALSE,"",FALSE,"",FALSE,""
"vOTU0417","Caudoviricetes","Unclassified","Unclassified","Unclassified","Rare","Rare","Not detected","Not detected","Low-quality","virulent",0,"FCH3CGLCCXYL4FAA_NODE_420",8160,797.70863539353,0.000797708635393529,296.859248821901,0.000296859248821901,0,0,0,0,TRUE,"Caudoviricetes",FALSE,"",FALSE,"",FALSE,""
"vOTU0418","Caudoviricetes","Unclassified","Unclassified","Unclassified","Intermediate","Rare","Not detected","Not detected","Low-quality","virulent",0,"FCH3CGLCCXYL4FAA_NODE_421",8154,1009.32571043629,0.00100932571043629,162.042392444525,0.000162042392444525,0,0,0,0,TRUE,"Caudoviricetes",FALSE,"",FALSE,"",FALSE,""
"vOTU0419","Caudoviricetes","Unclassified","Unclassified","Unclassified","Rare","Rare","Not detected","Rare","Low-quality","virulent",0,"FCH3CGLCCXYL4FAA_NODE_422",8152,776.780566396698,0.000776780566396697,135.068424069336,0.000135068424069336,0,0,63.1732717507042,6.31732717507042e-05,TRUE,"Caudoviricetes",FALSE,"",FALSE,"",FALSE,""
"vOTU0420","Caudoviricetes","Unclassified","Unclassified","Lightbulbvirus","Rare","Not detected","Not detected","Not detected","Low-quality","virulent",0,"FCH3CGLCCXYL4FAA_NODE_423",8140,432.449446466764,0.000432449446466763,0,0,0,0,0,0,TRUE,"Caudoviricetes",FALSE,"[Order]_Lightbulbvirus",FALSE,"[Family]_Lightbulbvirus",TRUE,"Lightbulbvirus"
"vOTU0421","Caudoviricetes","Unclassified","Unclassified","Unclassified","Intermediate","Rare","Not detected","Not detected","Low-quality","virulent",0,"FCH3CGLCCXYL4FAA_NODE_424",8128,3542.12735942986,0.00354212735942986,243.841138876643,0.000243841138876643,0,0,0,0,TRUE,"Caudoviricetes",FALSE,"",FALSE,"",FALSE,""
"vOTU0422","Megaviricetes","Algavirales","Phycodnaviridae","Unclassified","Intermediate","Not detected","Not detected","Rare","Low-quality","virulent",0,"FCH3CGLCCXYL4FAA_NODE_426",8121,1576.44298037968,0.00157644298037968,0,0,0,0,72.4735645729995,7.24735645729994e-05,TRUE,"Megaviricetes",TRUE,"Algavirales",TRUE,"Phycodnaviridae",FALSE,""
"vOTU0424","Caudoviricetes","Unclassified","Unclassified","Unclassified","Intermediate","Intermediate","Not detected","Rare","Low-quality","virulent",0,"FCH3CGLCCXYL4FAA_NODE_427",8099,1747.05316337102,0.00174705316337102,1468.28578374993,0.00146828578374993,0,0,54.5028256853076,5.45028256853076e-05,TRUE,"Caudoviricetes",FALSE,"",FALSE,"",FALSE,""
"vOTU0425","Caudoviricetes","Unclassified","Unclassified","Unclassified","Rare","Rare","Not detected","Not detected","Low-quality","virulent",0,"FCH3CGLCCXYL4FAA_NODE_428",8099,609.465381921321,0.00060946538192132,163.142850660635,0.000163142850660635,0,0,0,0,TRUE,"Caudoviricetes",FALSE,"",FALSE,"",FALSE,""
"vOTU0057","Caudoviricetes","Unclassified","Unclassified","Unclassified","Rare","Rare","Not detected","Not detected","Low-quality","virulent",0,"FCH3CGLCCXYL4FAA_NODE_43",24331,585.982456503144,0.000585982456503143,162.914911838449,0.000162914911838449,0,0,0,0,TRUE,"Caudoviricetes",FALSE,"",FALSE,"",FALSE,""
"vOTU0427","Caudoviricetes","Unclassified","Unclassified","Unclassified","Intermediate","Rare","Not detected","Rare","Low-quality","virulent",0,"FCH3CGLCCXYL4FAA_NODE_430",8089,1865.90787975823,0.00186590787975823,980.066749583202,0.000980066749583201,0,0,163.710630993488,0.000163710630993488,TRUE,"Caudoviricetes",FALSE,"",FALSE,"",FALSE,""
"vOTU0428","Caudoviricetes","Unclassified","Unclassified","Unclassified","Rare","Rare","Not detected","Not detected","Low-quality","virulent",0,"FCH3CGLCCXYL4FAA_NODE_431",8065,821.735809728235,0.000821735809728234,327.661343318692,0.000327661343318692,0,0,0,0,TRUE,"Caudoviricetes",FALSE,"",FALSE,"",FALSE,""
"vOTU0429","Caudoviricetes","Unclassified","Unclassified","Unclassified","Intermediate","Rare","Not detected","Not detected","Low-quality","virulent",0,"FCH3CGLCCXYL4FAA_NODE_432",8061,1667.46296113472,0.00166746296113471,437.098241734654,0.000437098241734654,0,0,0,0,TRUE,"Caudoviricetes",FALSE,"",FALSE,"",FALSE,""
"vOTU0430","Caudoviricetes","Unclassified","Unclassified","Unclassified","Intermediate","Rare","Not detected","Not detected","Low-quality","virulent",0,"FCH3CGLCCXYL4FAA_NODE_433",8059,2244.98543530544,0.00224498543530543,437.207067025987,0.000437207067025987,0,0,0,0,TRUE,"Caudoviricetes",FALSE,"",FALSE,"",FALSE,""
"vOTU0431","Caudoviricetes","Unclassified","Unclassified","Unclassified","Intermediate","Rare","Not detected","Not detected","Low-quality","virulent",0,"FCH3CGLCCXYL4FAA_NODE_434",8046,1110.86306721278,0.00111086306721278,273.695842008667,0.000273695842008667,0,0,0,0,TRUE,"Caudoviricetes",FALSE,"",FALSE,"",FALSE,""
"vOTU0432","Caudoviricetes","Unclassified","Unclassified","Unclassified","Intermediate","Rare","Not detected","Not detected","Low-quality","virulent",0,"FCH3CGLCCXYL4FAA_NODE_435",8023,1306.46344815344,0.00130646344815344,905.785340729977,0.000905785340729977,0,0,0,0,TRUE,"Caudoviricetes",FALSE,"",FALSE,"",FALSE,""
"vOTU0433","Caudoviricetes","Unclassified","Unclassified","Unclassified","Intermediate","Rare","Not detected","Not detected","Low-quality","virulent",0,"FCH3CGLCCXYL4FAA_NODE_436",8018,1721.78088212145,0.00172178088212145,576.768335473224,0.000576768335473224,0,0,0,0,TRUE,"Caudoviricetes",FALSE,"",FALSE,"",FALSE,""
"vOTU0434","Caudoviricetes","Unclassified","Unclassified","Unclassified","Intermediate","Rare","Rare","Rare","Low-quality","virulent",0,"FCH3CGLCCXYL4FAA_NODE_437",7993,1115.76876161281,0.00111576876161281,330.612811319787,0.000330612811319787,39.6817247341068,3.96817247341067e-05,36.8170994645499,3.68170994645499e-05,TRUE,"Caudoviricetes",FALSE,"",FALSE,"",FALSE,""
"vOTU0435","Caudoviricetes","Unclassified","Unclassified","Unclassified","Intermediate","Rare","Not detected","Not detected","Not-determined","virulent",0,"FCH3CGLCCXYL4FAA_NODE_438",7984,1066.53229480524,0.00106653229480524,193.074768840825,0.000193074768840825,0,0,0,0,TRUE,"Caudoviricetes",FALSE,"",FALSE,"",FALSE,""
"vOTU0436","Caudoviricetes","Unclassified","Unclassified","Unclassified","Rare","Rare","Not detected","Not detected","Low-quality","virulent",0,"FCH3CGLCCXYL4FAA_NODE_439",7971,806.755050906941,0.00080675505090694,110.508366375368,0.000110508366375368,0,0,0,0,TRUE,"Caudoviricetes",FALSE,"",FALSE,"",FALSE,""
"vOTU0058","Caudoviricetes","Unclassified","Unclassified","Aurunvirus","Intermediate","Rare","Rare","Not detected","Low-quality","virulent",0,"FCH3CGLCCXYL4FAA_NODE_44",23813,1798.66577871595,0.00179866577871595,443.889672657976,0.000443889672657976,13.3194518815165,1.33194518815165e-05,0,0,TRUE,"Caudoviricetes",FALSE,"[Order]_Aurunvirus",FALSE,"[Family]_Aurunvirus",TRUE,"Aurunvirus"
"vOTU0437","Caudoviricetes","Unclassified","Kyanoviridae","Unclassified","Rare","Rare","Not detected","Not detected","Low-quality","virulent",0,"FCH3CGLCCXYL4FAA_NODE_440",7965,549.35256538274,0.000549352565382739,110.591652123873,0.000110591652123873,0,0,0,0,TRUE,"Caudoviricetes",FALSE,"[Order]_Kyanoviridae",TRUE,"Kyanoviridae",FALSE,""
"vOTU0438","Caudoviricetes","Unclassified","Unclassified","Unclassified","Rare","Rare","Rare","Not detected","Low-quality","virulent",0,"FCH3CGLCCXYL4FAA_NODE_441",7953,424.072178848347,0.000424072178848346,304.585823205798,0.000304585823205797,79.762599429477,7.9762599429477e-05,0,0,TRUE,"Caudoviricetes",FALSE,"",FALSE,"",FALSE,""
"vOTU0439","Caudoviricetes","Unclassified","Unclassified","Unclassified","Rare","Rare","Not detected","Not detected","Low-quality","virulent",0,"FCH3CGLCCXYL4FAA_NODE_442",7935,499.384225555126,0.000499384225555125,111.00977853242,0.00011100977853242,0,0,0,0,TRUE,"Caudoviricetes",FALSE,"",FALSE,"",FALSE,""
"vOTU0442","Caudoviricetes","Unclassified","Unclassified","Unclassified","Intermediate","Rare","Not detected","Not detected","Low-quality","virulent",0,"FCH3CGLCCXYL4FAA_NODE_443",7906,1615.58254761546,0.00161558254761546,167.12542178906,0.00016712542178906,0,0,0,0,TRUE,"Caudoviricetes",FALSE,"",FALSE,"",FALSE,""
"vOTU0444","Caudoviricetes","Unclassified","Unclassified","Unclassified","Rare","Rare","Not detected","Rare","Low-quality","virulent",0,"FCH3CGLCCXYL4FAA_NODE_446",7850,630.049673131137,0.000630049673131136,280.529363121003,0.000280529363121003,0,0,37.487763441197,3.7487763441197e-05,TRUE,"Caudoviricetes",FALSE,"",FALSE,"",FALSE,""
"vOTU0445","Caudoviricetes","Unclassified","Unclassified","Unclassified","Rare","Rare","Not detected","Not detected","Low-quality","virulent",0,"FCH3CGLCCXYL4FAA_NODE_447",7825,535.306044209239,0.000535306044209238,56.2851436003039,5.62851436003038e-05,0,0,0,0,TRUE,"Caudoviricetes",FALSE,"",FALSE,"",FALSE,""
"vOTU0447","Caudoviricetes","Unclassified","Unclassified","Unclassified","Rare","Rare","Not detected","Not detected","Low-quality","virulent",0,"FCH3CGLCCXYL4FAA_NODE_448",7805,573.211769646232,0.000573211769646231,141.073426649816,0.000141073426649816,0,0,0,0,TRUE,"Caudoviricetes",FALSE,"",FALSE,"",FALSE,""
"vOTU0448","Caudoviricetes","Unclassified","Unclassified","Unclassified","Rare","Not detected","Not detected","Not detected","Low-quality","virulent",0,"FCH3CGLCCXYL4FAA_NODE_449",7795,562.594637426659,0.000562594637426658,0,0,0,0,0,0,TRUE,"Caudoviricetes",FALSE,"",FALSE,"",FALSE,""
"vOTU0059","Caudoviricetes","Unclassified","Unclassified","Unclassified","Rare","Rare","Not detected","Not detected","Medium-quality","virulent",1,"FCH3CGLCCXYL4FAA_NODE_45",23265,757.375876650172,0.000757375876650171,340.75906035512,0.00034075906035512,0,0,0,0,TRUE,"Caudoviricetes",FALSE,"",FALSE,"",FALSE,""
"vOTU0449","Caudoviricetes","Unclassified","Unclassified","Unclassified","Intermediate","Rare","Not detected","Not detected","Low-quality","virulent",0,"FCH3CGLCCXYL4FAA_NODE_450",7789,1487.10030350357,0.00148710030350357,169.63590133714,0.00016963590133714,0,0,0,0,TRUE,"Caudoviricetes",FALSE,"",FALSE,"",FALSE,""
"vOTU0450","Caudoviricetes","Unclassified","Unclassified","Unclassified","Intermediate","Rare","Rare","Not detected","Low-quality","virulent",0,"FCH3CGLCCXYL4FAA_NODE_451",7789,1478.26428200916,0.00147826428200915,282.726360223881,0.000282726360223881,40.7210371439787,4.07210371439787e-05,0,0,TRUE,"Caudoviricetes",FALSE,"",FALSE,"",FALSE,""
"vOTU0451","Caudoviricetes","Unclassified","Unclassified","Unclassified","Rare","Rare","Not detected","Rare","Low-quality","virulent",0,"FCH3CGLCCXYL4FAA_NODE_453",7742,593.117229754894,0.000593117229754893,284.442919971895,0.000284442919971895,0,0,114.0321346639,0.0001140321346639,TRUE,"Caudoviricetes",FALSE,"",FALSE,"",FALSE,""
"vOTU0452","Caudoviricetes","Unclassified","Unclassified","Unclassified","Intermediate","Rare","Not detected","Not detected","Low-quality","virulent",0,"FCH3CGLCCXYL4FAA_NODE_454",7735,2425.46409966384,0.00242546409966384,227.76010928822,0.00022776010928822,0,0,0,0,TRUE,"Caudoviricetes",FALSE,"",FALSE,"",FALSE,""
"vOTU0454","Caudoviricetes","Unclassified","Unclassified","Unclassified","Rare","Rare","Not detected","Not detected","Low-quality","virulent",0,"FCH3CGLCCXYL4FAA_NODE_455",7725,617.333921691351,0.000617333921691351,57.0137107136731,5.70137107136731e-05,0,0,0,0,TRUE,"Caudoviricetes",FALSE,"",FALSE,"",FALSE,""
"vOTU0456","Caudoviricetes","Unclassified","Unclassified","Unclassified","Intermediate","Rare","Not detected","Not detected","Low-quality","virulent",0,"FCH3CGLCCXYL4FAA_NODE_458",7662,2548.67115356837,0.00254867115356837,287.412642675412,0.000287412642675412,0,0,0,0,TRUE,"Caudoviricetes",FALSE,"[Order]_Inhavirus",FALSE,"[Family]_Inhavirus",FALSE,""
"vOTU0457","Caudoviricetes","Unclassified","Unclassified","Unclassified","Intermediate","Intermediate","Rare","Not detected","Low-quality","virulent",0,"FCH3CGLCCXYL4FAA_NODE_459",7651,2931.45812009318,0.00293145812009318,2043.56400724812,0.00204356400724812,20.7277594699071,2.07277594699071e-05,0,0,TRUE,"Caudoviricetes",FALSE,"",FALSE,"",FALSE,""
"vOTU0060","Caudoviricetes","Unclassified","Unclassified","Unclassified","Rare","Rare","Not detected","Rare","Medium-quality","virulent",1,"FCH3CGLCCXYL4FAA_NODE_46",23180,710.098557338446,0.000710098557338445,209.005436767178,0.000209005436767178,0,0,3.17384604150679,3.17384604150679e-06,TRUE,"Caudoviricetes",FALSE,"",FALSE,"",FALSE,""
"vOTU0458","Caudoviricetes","Unclassified","Unclassified","Unclassified","Rare","Rare","Not detected","Not detected","Low-quality","virulent",0,"FCH3CGLCCXYL4FAA_NODE_461",7636,475.157155330878,0.000475157155330878,634.460948581286,0.000634460948581286,0,0,0,0,TRUE,"Caudoviricetes",FALSE,"",FALSE,"",FALSE,""
"vOTU0460","Caudoviricetes","Unclassified","Unclassified","Unclassified","Intermediate","Intermediate","Not detected","Rare","Low-quality","virulent",0,"FCH3CGLCCXYL4FAA_NODE_462",7634,3276.73656438023,0.00327673656438022,1067.32795478137,0.00106732795478137,0,0,86.7340413614206,8.67340413614206e-05,TRUE,"Caudoviricetes",FALSE,"",FALSE,"",FALSE,""
"vOTU0461","Caudoviricetes","Unclassified","Unclassified","Unclassified","Intermediate","Rare","Not detected","Not detected","Low-quality","virulent",0,"FCH3CGLCCXYL4FAA_NODE_465",7604,1148.27928740372,0.00114827928740371,347.525952868653,0.000347525952868653,0,0,0,0,TRUE,"Caudoviricetes",FALSE,"",FALSE,"",FALSE,""
"vOTU0463","Caudoviricetes","Unclassified","Unclassified","Unclassified","Intermediate","Rare","Not detected","Not detected","Low-quality","virulent",0,"FCH3CGLCCXYL4FAA_NODE_466",7594,2023.78840967718,0.00202378840967717,173.991745983927,0.000173991745983927,0,0,0,0,TRUE,"Caudoviricetes",FALSE,"",FALSE,"",FALSE,""
"vOTU0464","Caudoviricetes","Unclassified","Kyanoviridae","Unclassified","Rare","Rare","Not detected","Not detected","Low-quality","virulent",0,"FCH3CGLCCXYL4FAA_NODE_467",7590,383.465989372626,0.000383465989372626,174.083517932484,0.000174083517932484,0,0,0,0,TRUE,"Caudoviricetes",FALSE,"[Order]_Kyanoviridae",TRUE,"Kyanoviridae",FALSE,""
"vOTU0465","Caudoviricetes","Unclassified","Unclassified","Unclassified","Rare","Rare","Not detected","Not detected","Low-quality","virulent",0,"FCH3CGLCCXYL4FAA_NODE_468",7583,700.211764165665,0.000700211764165664,174.244127362739,0.000174244127362739,0,0,0,0,TRUE,"Caudoviricetes",FALSE,"",FALSE,"",FALSE,""
"vOTU0466","Caudoviricetes","Unclassified","Unclassified","Unclassified","Rare","Rare","Not detected","Not detected","Low-quality","virulent",0,"FCH3CGLCCXYL4FAA_NODE_469",7577,533.360966124327,0.000533360966124327,290.637015282605,0.000290637015282605,0,0,0,0,TRUE,"Caudoviricetes",FALSE,"",FALSE,"",FALSE,""
"vOTU0061","Caudoviricetes","Unclassified","Unclassified","Unclassified","Intermediate","Rare","Not detected","Not detected","Medium-quality","virulent",1,"FCH3CGLCCXYL4FAA_NODE_47",22762,1086.86832203138,0.00108686832203138,396.662691325165,0.000396662691325165,0,0,0,0,TRUE,"Caudoviricetes",FALSE,"",FALSE,"",FALSE,""
"vOTU0467","Caudoviricetes","Unclassified","Unclassified","Unclassified","Intermediate","Rare","Not detected","Not detected","Low-quality","virulent",0,"FCH3CGLCCXYL4FAA_NODE_470",7573,1600.92783001545,0.00160092783001544,581.580888491797,0.000581580888491797,0,0,0,0,TRUE,"Caudoviricetes",FALSE,"",FALSE,"",FALSE,""
"vOTU0468","Caudoviricetes","Unclassified","Autographiviridae","Unclassified","Rare","Rare","Not detected","Not detected","Low-quality","virulent",0,"FCH3CGLCCXYL4FAA_NODE_471",7569,871.687371723394,0.000871687371723393,116.37764726691,0.00011637764726691,0,0,0,0,TRUE,"Caudoviricetes",FALSE,"[Order]_Autographiviridae",TRUE,"Autographiviridae",FALSE,""
"vOTU0469","Caudoviricetes","Unclassified","Unclassified","Unclassified","Intermediate","Rare","Not detected","Not detected","Low-quality","virulent",0,"FCH3CGLCCXYL4FAA_NODE_472",7565,1272.47865422466,0.00127247865422466,58.2195988890662,5.82195988890662e-05,0,0,0,0,TRUE,"Caudoviricetes",FALSE,"",FALSE,"",FALSE,""
"vOTU0470","Caudoviricetes","Unclassified","Unclassified","Unclassified","Rare","Rare","Not detected","Not detected","Low-quality","virulent",0,"FCH3CGLCCXYL4FAA_NODE_473",7560,457.823041856032,0.000457823041856031,58.258089259283,5.8258089259283e-05,0,0,0,0,TRUE,"Caudoviricetes",FALSE,"",FALSE,"",FALSE,""
"vOTU0471","Caudoviricetes","Unclassified","Unclassified","Unclassified","Rare","Rare","Not detected","Not detected","Low-quality","virulent",0,"FCH3CGLCCXYL4FAA_NODE_474",7559,504.712673396373,0.000504712673396372,116.531576796723,0.000116531576796723,0,0,0,0,TRUE,"Caudoviricetes",FALSE,"",FALSE,"",FALSE,""
"vOTU0472","Caudoviricetes","Unclassified","Unclassified","Unclassified","Rare","Rare","Not detected","Not detected","Low-quality","virulent",0,"FCH3CGLCCXYL4FAA_NODE_475",7540,585.533313928307,0.000585533313928307,116.825228287486,0.000116825228287486,0,0,0,0,TRUE,"Caudoviricetes",FALSE,"",FALSE,"",FALSE,""
"vOTU0473","Caudoviricetes","Unclassified","Unclassified","Unclassified","Rare","Not detected","Not detected","Not detected","Low-quality","virulent",0,"FCH3CGLCCXYL4FAA_NODE_476",7531,447.835174226872,0.000447835174226871,0,0,0,0,0,0,TRUE,"Caudoviricetes",FALSE,"",FALSE,"",FALSE,""
"vOTU0474","Caudoviricetes","Unclassified","Unclassified","Unclassified","Intermediate","Rare","Not detected","Rare","Low-quality","virulent",0,"FCH3CGLCCXYL4FAA_NODE_477",7529,1025.20123106244,0.00102520123106244,58.4979884261711,5.84979884261711e-05,0,0,156.344330744529,0.000156344330744529,TRUE,"Caudoviricetes",FALSE,"",FALSE,"",FALSE,""
"vOTU0475","Caudoviricetes","Unclassified","Unclassified","Unclassified","Rare","Rare","Not detected","Not detected","Low-quality","virulent",0,"FCH3CGLCCXYL4FAA_NODE_478",7526,961.591027411825,0.000961591027411823,292.606584780168,0.000292606584780167,0,0,0,0,TRUE,"Caudoviricetes",FALSE,"",FALSE,"",FALSE,""
"vOTU0476","Caudoviricetes","Unclassified","Unclassified","Unclassified","Intermediate","Intermediate","Not detected","Not detected","Low-quality","virulent",0,"FCH3CGLCCXYL4FAA_NODE_479",7521,2019.89827747569,0.00201989827747568,1054.08360370588,0.00105408360370588,0,0,0,0,TRUE,"Caudoviricetes",FALSE,"",FALSE,"",FALSE,""
"vOTU0062","Caudoviricetes","Unclassified","Unclassified","Unclassified","Rare","Rare","Not detected","Not detected","Low-quality","virulent",0,"FCH3CGLCCXYL4FAA_NODE_48",22442,995.897500325443,0.000995897500325442,363.068351581773,0.000363068351581773,0,0,0,0,TRUE,"Caudoviricetes",FALSE,"",FALSE,"",FALSE,""
"vOTU0477","Caudoviricetes","Unclassified","Unclassified","Unclassified","Rare","Rare","Not detected","Not detected","Low-quality","virulent",0,"FCH3CGLCCXYL4FAA_NODE_481",7513,494.715170497717,0.000494715170497716,58.6225293761343,5.86225293761343e-05,0,0,0,0,TRUE,"Caudoviricetes",FALSE,"",FALSE,"",FALSE,""
"vOTU0479","Caudoviricetes","Unclassified","Unclassified","Unclassified","Intermediate","Rare","Not detected","Not detected","Low-quality","virulent",0,"FCH3CGLCCXYL4FAA_NODE_483",7481,1281.50953825888,0.00128150953825888,88.3099580879522,8.83099580879522e-05,0,0,0,0,TRUE,"Caudoviricetes",FALSE,"",FALSE,"",FALSE,""
"vOTU0480","Caudoviricetes","Unclassified","Unclassified","Unclassified","Rare","Rare","Not detected","Not detected","Low-quality","virulent",0,"FCH3CGLCCXYL4FAA_NODE_484",7453,680.761630461516,0.000680761630461516,236.377926383926,0.000236377926383926,0,0,0,0,TRUE,"Caudoviricetes",FALSE,"",FALSE,"",FALSE,""
"vOTU0481","Caudoviricetes","Unclassified","Kyanoviridae","Unclassified","Rare","Not detected","Not detected","Not detected","Low-quality","virulent",0,"FCH3CGLCCXYL4FAA_NODE_485",7450,438.185931193331,0.00043818593119333,0,0,0,0,0,0,TRUE,"Caudoviricetes",FALSE,"[Order]_Kyanoviridae",TRUE,"Kyanoviridae",FALSE,""
"vOTU0482","Caudoviricetes","Unclassified","Unclassified","Unclassified","Intermediate","Rare","Not detected","Not detected","Low-quality","virulent",0,"FCH3CGLCCXYL4FAA_NODE_486",7449,1257.97359489015,0.00125797359489015,118.252492538489,0.000118252492538489,0,0,0,0,TRUE,"Caudoviricetes",FALSE,"",FALSE,"",FALSE,""
"vOTU0483","Caudoviricetes","Unclassified","Unclassified","Unclassified","Rare","Not detected","Not detected","Not detected","Low-quality","virulent",0,"FCH3CGLCCXYL4FAA_NODE_487",7445,850.546416001032,0.000850546416001031,0,0,0,0,0,0,TRUE,"Caudoviricetes",FALSE,"",FALSE,"",FALSE,""
"vOTU0484","Caudoviricetes","Unclassified","Unclassified","Unclassified","Rare","Rare","Not detected","Not detected","Low-quality","virulent",0,"FCH3CGLCCXYL4FAA_NODE_488",7441,410.966055183983,0.000410966055183982,236.759208966594,0.000236759208966594,0,0,0,0,TRUE,"Caudoviricetes",FALSE,"",FALSE,"",FALSE,""
"vOTU0485","Caudoviricetes","Unclassified","Unclassified","Unclassified","Rare","Not detected","Not detected","Not detected","Low-quality","virulent",0,"FCH3CGLCCXYL4FAA_NODE_489",7398,539.620799381849,0.000539620799381849,0,0,0,0,0,0,TRUE,"Caudoviricetes",FALSE,"",FALSE,"",FALSE,""
"vOTU0063","Caudoviricetes","Unclassified","Unclassified","Unclassified","Rare","Rare","Not detected","Not detected","Low-quality","virulent",0,"FCH3CGLCCXYL4FAA_NODE_49",22324,864.178692491204,0.000864178692491203,59.1871513691673,5.91871513691673e-05,0,0,0,0,TRUE,"Caudoviricetes",FALSE,"",FALSE,"",FALSE,""
"vOTU0486","Caudoviricetes","Unclassified","Unclassified","Unclassified","Intermediate","Rare","Not detected","Not detected","Low-quality","virulent",0,"FCH3CGLCCXYL4FAA_NODE_490",7397,1003.6170050066,0.0010036170050066,535.877077824986,0.000535877077824986,0,0,0,0,TRUE,"Caudoviricetes",FALSE,"",FALSE,"",FALSE,""
"vOTU0487","Caudoviricetes","Unclassified","Unclassified","Unclassified","Intermediate","Not detected","Not detected","Rare","Low-quality","virulent",0,"FCH3CGLCCXYL4FAA_NODE_492",7372,2188.76924638634,0.00218876924638634,0,0,0,0,69.8573200941854,6.98573200941853e-05,TRUE,"Caudoviricetes",FALSE,"",FALSE,"",FALSE,""
"vOTU0488","Caudoviricetes","Unclassified","Unclassified","Unclassified","Rare","Rare","Not detected","Not detected","Low-quality","virulent",0,"FCH3CGLCCXYL4FAA_NODE_493",7372,876.307914876674,0.000876307914876673,119.487579717475,0.000119487579717475,0,0,0,0,TRUE,"Caudoviricetes",FALSE,"",FALSE,"",FALSE,""
"vOTU0489","Caudoviricetes","Unclassified","Unclassified","Unclassified","Rare","Rare","Not detected","Rare","Low-quality","virulent",0,"FCH3CGLCCXYL4FAA_NODE_494",7367,605.956753661539,0.000605956753661538,239.137379198348,0.000239137379198348,0,0,229.687045400355,0.000229687045400354,TRUE,"Caudoviricetes",FALSE,"",FALSE,"",FALSE,""
"vOTU0490","Caudoviricetes","Unclassified","Unclassified","Unclassified","Rare","Rare","Not detected","Not detected","Low-quality","virulent",0,"FCH3CGLCCXYL4FAA_NODE_495",7358,491.772865988308,0.000491772865988307,119.714909339557,0.000119714909339557,0,0,0,0,TRUE,"Caudoviricetes",FALSE,"",FALSE,"",FALSE,""
"vOTU0491","Caudoviricetes","Unclassified","Unclassified","Unclassified","Intermediate","Rare","Not detected","Not detected","Low-quality","virulent",0,"FCH3CGLCCXYL4FAA_NODE_496",7349,3925.62282985094,0.00392562282985094,359.584579014149,0.000359584579014148,0,0,0,0,TRUE,"Caudoviricetes",FALSE,"",FALSE,"",FALSE,""
"vOTU0492","Caudoviricetes","Unclassified","Unclassified","Unclassified","Intermediate","Not detected","Not detected","Not detected","Low-quality","virulent",0,"FCH3CGLCCXYL4FAA_NODE_497",7341,1453.28625997253,0.00145328625997253,0,0,0,0,0,0,TRUE,"Caudoviricetes",FALSE,"",FALSE,"",FALSE,""
"vOTU0493","Caudoviricetes","Unclassified","Unclassified","Unclassified","Intermediate","Intermediate","Not detected","Not detected","Low-quality","virulent",0,"FCH3CGLCCXYL4FAA_NODE_498",7339,3922.93358299163,0.00392293358299162,1080.22340034265,0.00108022340034265,0,0,0,0,TRUE,"Caudoviricetes",FALSE,"",FALSE,"",FALSE,""
"vOTU0494","Caudoviricetes","Unclassified","Unclassified","Unclassified","Rare","Rare","Not detected","Not detected","Low-quality","virulent",0,"FCH3CGLCCXYL4FAA_NODE_499",7328,794.351702707479,0.000794351702707478,60.1025320375517,6.01025320375517e-05,0,0,0,0,TRUE,"Caudoviricetes",FALSE,"",FALSE,"",FALSE,""
"vOTU0015","Caudoviricetes","Unclassified","Unclassified","Unclassified","Intermediate","Rare","Not detected","Not detected","Complete","virulent",1,"FCH3CGLCCXYL4FAA_NODE_5",50867,1633.41738351578,0.00163341738351578,8.65848290671447,8.65848290671447e-06,0,0,0,0,TRUE,"Caudoviricetes",FALSE,"",FALSE,"",FALSE,""
"vOTU0495","Caudoviricetes","Unclassified","Unclassified","Unclassified","Rare","Rare","Not detected","Not detected","Low-quality","virulent",0,"FCH3CGLCCXYL4FAA_NODE_500",7325,830.921193631043,0.000830921193631042,240.508503316676,0.000240508503316676,0,0,0,0,TRUE,"Caudoviricetes",FALSE,"",FALSE,"",FALSE,""
"vOTU0496","Caudoviricetes","Unclassified","Unclassified","Unclassified","Rare","Not detected","Not detected","Intermediate","Low-quality","virulent",0,"FCH3CGLCCXYL4FAA_NODE_501",7313,438.327631972585,0.000438327631972584,0,0,0,0,1297.7572149353,0.0012977572149353,TRUE,"Caudoviricetes",FALSE,"",FALSE,"",FALSE,""
"vOTU0497","Caudoviricetes","Unclassified","Autographiviridae","Unclassified","Rare","Rare","Not detected","Not detected","Low-quality","virulent",0,"FCH3CGLCCXYL4FAA_NODE_502",7312,633.375830478799,0.000633375830478798,180.702063830444,0.000180702063830444,0,0,0,0,TRUE,"Caudoviricetes",FALSE,"[Order]_Autographiviridae",TRUE,"Autographiviridae",FALSE,""
"vOTU0498","Caudoviricetes","Unclassified","Unclassified","Unclassified","Rare","Rare","Not detected","Rare","Low-quality","virulent",0,"FCH3CGLCCXYL4FAA_NODE_504",7307,589.401898599259,0.000589401898599258,301.37625458715,0.00030137625458715,0,0,10.0683936466031,1.00683936466031e-05,TRUE,"Caudoviricetes",FALSE,"",FALSE,"",FALSE,""
"vOTU0499","Caudoviricetes","Unclassified","Unclassified","Unclassified","Rare","Not detected","Not detected","Rare","Low-quality","virulent",0,"FCH3CGLCCXYL4FAA_NODE_506",7287,481.721458310806,0.000481721458310805,0,0,0,0,424.033301026525,0.000424033301026525,TRUE,"Caudoviricetes",FALSE,"",FALSE,"",FALSE,""
"vOTU0501","Caudoviricetes","Unclassified","Unclassified","Unclassified","Intermediate","Rare","Not detected","Not detected","Low-quality","virulent",0,"FCH3CGLCCXYL4FAA_NODE_507",7284,1175.77731590685,0.00117577731590684,120.931119835596,0.000120931119835596,0,0,0,0,TRUE,"Caudoviricetes",FALSE,"",FALSE,"",FALSE,""
"vOTU0502","Caudoviricetes","Unclassified","Unclassified","Unclassified","Intermediate","Not detected","Not detected","Not detected","Low-quality","virulent",0,"FCH3CGLCCXYL4FAA_NODE_508",7280,2262.35145063028,0.00226235145063028,0,0,0,0,0,0,TRUE,"Caudoviricetes",FALSE,"",FALSE,"",FALSE,""
"vOTU0503","Caudoviricetes","Unclassified","Autographiviridae","Unclassified","Intermediate","Rare","Not detected","Not detected","Low-quality","virulent",0,"FCH3CGLCCXYL4FAA_NODE_509",7264,2482.56337781008,0.00248256337781007,424.424557791699,0.000424424557791699,0,0,0,0,TRUE,"Caudoviricetes",FALSE,"[Order]_Autographiviridae",TRUE,"Autographiviridae",FALSE,""
"vOTU0504","Caudoviricetes","Unclassified","Unclassified","Unclassified","Rare","Rare","Not detected","Not detected","Low-quality","virulent",0,"FCH3CGLCCXYL4FAA_NODE_510",7259,480.870486648657,0.000480870486648656,182.021386769286,0.000182021386769286,0,0,0,0,TRUE,"Caudoviricetes",FALSE,"",FALSE,"",FALSE,""
"vOTU0505","Caudoviricetes","Unclassified","Unclassified","Unclassified","Rare","Rare","Not detected","Not detected","Low-quality","virulent",0,"FCH3CGLCCXYL4FAA_NODE_511",7253,587.012231922606,0.000587012231922605,91.0860233205988,9.10860233205988e-05,0,0,0,0,TRUE,"Caudoviricetes",FALSE,"",FALSE,"",FALSE,""
"vOTU0506","Caudoviricetes","Unclassified","Unclassified","Unclassified","Rare","Not detected","Not detected","Not detected","Low-quality","virulent",0,"FCH3CGLCCXYL4FAA_NODE_513",7238,566.49260727274,0.000566492607272739,0,0,0,0,0,0,TRUE,"Caudoviricetes",FALSE,"",FALSE,"",FALSE,""
"vOTU0507","Caudoviricetes","Unclassified","Unclassified","Unclassified","Rare","Rare","Not detected","Not detected","Low-quality","virulent",0,"FCH3CGLCCXYL4FAA_NODE_514",7219,753.225448362298,0.000753225448362297,427.070211600651,0.000427070211600651,0,0,0,0,TRUE,"Caudoviricetes",FALSE,"",FALSE,"",FALSE,""
"vOTU0508","Caudoviricetes","Unclassified","Unclassified","Unclassified","Abundant","Intermediate","Not detected","Not detected","Low-quality","virulent",0,"FCH3CGLCCXYL4FAA_NODE_515",7201,14513.6385592976,0.0145136385592976,2721.73267762349,0.00272173267762349,0,0,0,0,TRUE,"Caudoviricetes",FALSE,"",FALSE,"",FALSE,""
"vOTU0509","Caudoviricetes","Unclassified","Unclassified","Unclassified","Rare","Rare","Not detected","Rare","Low-quality","virulent",0,"FCH3CGLCCXYL4FAA_NODE_518",7172,845.90475674719,0.000845904756747189,307.049100396158,0.000307049100396158,0,0,317.995401360226,0.000317995401360226,TRUE,"Caudoviricetes",FALSE,"",FALSE,"",FALSE,""
"vOTU0065","Caudoviricetes","Unclassified","Unclassified","Unclassified","Rare","Rare","Not detected","Not detected","Low-quality","virulent",0,"FCH3CGLCCXYL4FAA_NODE_52",21810,760.565031011667,0.000760565031011666,40.3880029803818,4.03880029803818e-05,0,0,0,0,TRUE,"Caudoviricetes",FALSE,"",FALSE,"",FALSE,""
"vOTU0510","Caudoviricetes","Unclassified","Unclassified","Unclassified","Rare","Not detected","Not detected","Not detected","Low-quality","virulent",0,"FCH3CGLCCXYL4FAA_NODE_520",7160,657.80811756231,0.00065780811756231,0,0,0,0,0,0,TRUE,"Caudoviricetes",FALSE,"",FALSE,"",FALSE,""
"vOTU0511","Caudoviricetes","Unclassified","Unclassified","Unclassified","Intermediate","Rare","Not detected","Not detected","Low-quality","virulent",0,"FCH3CGLCCXYL4FAA_NODE_522",7152,1755.65875332083,0.00175565875332082,615.815612568447,0.000615815612568447,0,0,0,0,TRUE,"Caudoviricetes",FALSE,"",FALSE,"",FALSE,""
"vOTU0512","Caudoviricetes","Unclassified","Unclassified","Unclassified","Rare","Rare","Not detected","Not detected","Low-quality","virulent",0,"FCH3CGLCCXYL4FAA_NODE_524",7129,830.318390079244,0.000830318390079243,432.461802928009,0.000432461802928008,0,0,0,0,TRUE,"Caudoviricetes",FALSE,"",FALSE,"",FALSE,""
"vOTU0513","Caudoviricetes","Unclassified","Unclassified","Unclassified","Intermediate","Rare","Not detected","Rare","Low-quality","virulent",0,"FCH3CGLCCXYL4FAA_NODE_525",7128,1391.87483920188,0.00139187483920188,216.261127161479,0.000216261127161479,0,0,206.424706522424,0.000206424706522423,TRUE,"Caudoviricetes",FALSE,"",FALSE,"",FALSE,""
"vOTU0885","Caudoviricetes","Unclassified","Unclassified","Unclassified","Rare","Rare","Not detected","Not detected","Low-quality","virulent",0,"FCH3CGLCCXYL4FAA_NODE_526",5222,804.021894063257,0.000804021894063256,590.390305410469,0.000590390305410469,0,0,0,0,TRUE,"Caudoviricetes",FALSE,"",FALSE,"",FALSE,""
"vOTU0514","Caudoviricetes","Unclassified","Unclassified","Unclassified","Rare","Rare","Not detected","Not detected","Low-quality","virulent",0,"FCH3CGLCCXYL4FAA_NODE_528",7121,534.375713399575,0.000534375713399574,247.398505372933,0.000247398505372933,0,0,0,0,TRUE,"Caudoviricetes",FALSE,"",FALSE,"",FALSE,""
"vOTU0515","Caudoviricetes","Unclassified","Unclassified","Unclassified","Rare","Rare","Not detected","Not detected","Low-quality","virulent",0,"FCH3CGLCCXYL4FAA_NODE_529",7114,928.821356014476,0.000928821356014475,185.731500606376,0.000185731500606376,0,0,0,0,TRUE,"Caudoviricetes",FALSE,"",FALSE,"",FALSE,""
"vOTU0066","Caudoviricetes","Unclassified","Unclassified","Unclassified","Rare","Rare","Rare","Not detected","Low-quality","virulent",0,"FCH3CGLCCXYL4FAA_NODE_53",21517,685.923666173136,0.000685923666173135,81.8759657404246,8.18759657404246e-05,14.74073040896,1.474073040896e-05,0,0,TRUE,"Caudoviricetes",FALSE,"",FALSE,"",FALSE,""
"vOTU0517","Caudoviricetes","Unclassified","Unclassified","Unclassified","Rare","Not detected","Not detected","Not detected","Low-quality","virulent",0,"FCH3CGLCCXYL4FAA_NODE_530",7108,948.972084065308,0.000948972084065306,0,0,0,0,0,0,TRUE,"Caudoviricetes",FALSE,"",FALSE,"",FALSE,""
"vOTU0520","Caudoviricetes","Unclassified","Unclassified","Unclassified","Rare","Not detected","Not detected","Not detected","Not-determined","virulent",0,"FCH3CGLCCXYL4FAA_NODE_531",7086,503.711995532055,0.000503711995532055,0,0,0,0,0,0,TRUE,"Caudoviricetes",FALSE,"",FALSE,"",FALSE,""
"vOTU0521","Caudoviricetes","Unclassified","Unclassified","Unclassified","Rare","Rare","Not detected","Not detected","Low-quality","virulent",0,"FCH3CGLCCXYL4FAA_NODE_532",7071,533.982417038483,0.000533982417038483,124.573944752091,0.000124573944752091,0,0,0,0,TRUE,"Caudoviricetes",FALSE,"",FALSE,"",FALSE,""
"vOTU0522","Caudoviricetes","Unclassified","Unclassified","Unclassified","Rare","Not detected","Not detected","Rare","Low-quality","virulent",0,"FCH3CGLCCXYL4FAA_NODE_533",7070,688.43425308513,0.000688434253085129,0,0,0,0,10.4059059289273,1.04059059289273e-05,TRUE,"Caudoviricetes",FALSE,"",FALSE,"",FALSE,""
"vOTU0523","Caudoviricetes","Unclassified","Unclassified","Unclassified","Rare","Rare","Not detected","Not detected","Low-quality","virulent",0,"FCH3CGLCCXYL4FAA_NODE_534",7040,525.160584796657,0.000525160584796656,125.12246980391,0.00012512246980391,0,0,0,0,TRUE,"Caudoviricetes",FALSE,"",FALSE,"",FALSE,""
"vOTU0524","Caudoviricetes","Unclassified","Autographiviridae","Stopavirus","Intermediate","Rare","Not detected","Not detected","Low-quality","virulent",0,"FCH3CGLCCXYL4FAA_NODE_535",7035,1351.57151357032,0.00135157151357032,125.211404498835,0.000125211404498835,0,0,0,0,TRUE,"Caudoviricetes",FALSE,"[Order]_Autographiviridae",TRUE,"Autographiviridae",TRUE,"Stopavirus"
"vOTU0525","Caudoviricetes","Unclassified","Unclassified","Unclassified","Rare","Not detected","Not detected","Not detected","Low-quality","virulent",0,"FCH3CGLCCXYL4FAA_NODE_536",7024,480.160209095814,0.000480160209095814,0,0,0,0,0,0,TRUE,"Caudoviricetes",FALSE,"",FALSE,"",FALSE,""
"vOTU0526","Caudoviricetes","Unclassified","Unclassified","Unclassified","Rare","Rare","Not detected","Not detected","Low-quality","virulent",0,"FCH3CGLCCXYL4FAA_NODE_538",7010,913.144652702924,0.000913144652702922,188.486938238293,0.000188486938238293,0,0,0,0,TRUE,"Caudoviricetes",FALSE,"",FALSE,"",FALSE,""
"vOTU0067","Caudoviricetes","Unclassified","Unclassified","Unclassified","Rare","Rare","Rare","Not detected","Medium-quality","virulent",1,"FCH3CGLCCXYL4FAA_NODE_54",21423,825.709998870329,0.000825709998870328,349.499569499774,0.000349499569499774,14.8054116045047,1.48054116045047e-05,0,0,TRUE,"Caudoviricetes",FALSE,"",FALSE,"",FALSE,""
"vOTU0527","Caudoviricetes","Unclassified","Kyanoviridae","Unclassified","Rare","Not detected","Not detected","Not detected","Low-quality","virulent",0,"FCH3CGLCCXYL4FAA_NODE_540",7004,484.339351445519,0.000484339351445519,0,0,0,0,0,0,TRUE,"Caudoviricetes",FALSE,"[Order]_Kyanoviridae",TRUE,"Kyanoviridae",FALSE,""
"vOTU0528","Caudoviricetes","Unclassified","Unclassified","Unclassified","Rare","Rare","Not detected","Not detected","Low-quality","virulent",0,"FCH3CGLCCXYL4FAA_NODE_543",6990,879.183347739581,0.00087918334773958,189.02625073609,0.00018902625073609,0,0,0,0,TRUE,"Caudoviricetes",FALSE,"",FALSE,"",FALSE,""
"vOTU0529","Caudoviricetes","Unclassified","Unclassified","Unclassified","Rare","Rare","Not detected","Not detected","Not-determined","virulent",0,"FCH3CGLCCXYL4FAA_NODE_544",6989,384.082311063717,0.000384082311063717,63.0177334618177,6.30177334618177e-05,0,0,0,0,TRUE,"Caudoviricetes",FALSE,"",FALSE,"",FALSE,""
"vOTU0530","Caudoviricetes","Unclassified","Unclassified","Rauchvirus","Rare","Rare","Not detected","Not detected","Low-quality","virulent",0,"FCH3CGLCCXYL4FAA_NODE_545",6978,441.052375931709,0.000441052375931708,189.35137188538,0.00018935137188538,0,0,0,0,TRUE,"Caudoviricetes",FALSE,"[Order]_Rauchvirus",FALSE,"[Family]_Rauchvirus",TRUE,"Rauchvirus"
"vOTU0531","Caudoviricetes","Unclassified","Unclassified","Unclassified","Intermediate","Intermediate","Rare","Not detected","Low-quality","virulent",0,"FCH3CGLCCXYL4FAA_NODE_546",6975,4575.94791429639,0.00457594791429638,1610.17913835811,0.00161017913835811,45.4732860427944,4.54732860427944e-05,0,0,TRUE,"Caudoviricetes",FALSE,"",FALSE,"",FALSE,""
"vOTU0532","Caudoviricetes","Unclassified","Unclassified","Unclassified","Rare","Rare","Not detected","Rare","Low-quality","virulent",0,"FCH3CGLCCXYL4FAA_NODE_547",6965,568.932199985114,0.000568932199985114,252.939776739867,0.000252939776739867,0,0,31.6883300273007,3.16883300273007e-05,TRUE,"Caudoviricetes",FALSE,"",FALSE,"",FALSE,""
"vOTU0533","Caudoviricetes","Unclassified","Unclassified","Unclassified","Intermediate","Rare","Not detected","Not detected","Low-quality","virulent",0,"FCH3CGLCCXYL4FAA_NODE_548",6943,2137.07065663424,0.00213707065663424,190.305975668163,0.000190305975668163,0,0,0,0,TRUE,"Caudoviricetes",FALSE,"",FALSE,"",FALSE,""
"vOTU0534","Caudoviricetes","Unclassified","Unclassified","Unclassified","Intermediate","Intermediate","Rare","Rare","Low-quality","virulent",0,"FCH3CGLCCXYL4FAA_NODE_549",6936,1722.43948395033,0.00172243948395033,1015.98925615819,0.00101598925615819,137.186936586154,0.000137186936586154,42.4277818920426,4.24277818920426e-05,TRUE,"Caudoviricetes",FALSE,"",FALSE,"",FALSE,""
"vOTU0535","Caudoviricetes","Unclassified","Unclassified","Unclassified","Rare","Rare","Not detected","Not detected","Low-quality","virulent",0,"FCH3CGLCCXYL4FAA_NODE_550",6933,967.252467290651,0.00096725246729065,127.053602183014,0.000127053602183014,0,0,0,0,TRUE,"Caudoviricetes",FALSE,"",FALSE,"",FALSE,""
"vOTU0536","Caudoviricetes","Unclassified","Unclassified","Unclassified","Rare","Rare","Not detected","Not detected","Low-quality","virulent",0,"FCH3CGLCCXYL4FAA_NODE_551",6930,834.297420824418,0.000834297420824417,63.5542768682321,6.35542768682321e-05,0,0,0,0,TRUE,"Caudoviricetes",FALSE,"",FALSE,"",FALSE,""
"vOTU0537","Caudoviricetes","Unclassified","Unclassified","Unclassified","Rare","Rare","Not detected","Not detected","Low-quality","virulent",0,"FCH3CGLCCXYL4FAA_NODE_552",6926,731.141578455931,0.00073114157845593,254.364090843512,0.000254364090843512,0,0,0,0,TRUE,"Caudoviricetes",FALSE,"",FALSE,"",FALSE,""
"vOTU0538","Caudoviricetes","Unclassified","Unclassified","Unclassified","Intermediate","Rare","Not detected","Rare","Low-quality","virulent",0,"FCH3CGLCCXYL4FAA_NODE_553",6922,1737.28678709861,0.0017372867870986,509.022024884113,0.000509022024884113,0,0,42.5135665734412,4.25135665734412e-05,TRUE,"Caudoviricetes",FALSE,"",FALSE,"",FALSE,""
"vOTU0539","Caudoviricetes","Unclassified","Unclassified","Unclassified","Rare","Rare","Not detected","Not detected","Low-quality","virulent",0,"FCH3CGLCCXYL4FAA_NODE_554",6922,964.528154761505,0.000964528154761503,190.883254538884,0.000190883254538884,0,0,0,0,TRUE,"Caudoviricetes",FALSE,"",FALSE,"",FALSE,""
"vOTU0540","Caudoviricetes","Unclassified","Unclassified","Unclassified","Rare","Rare","Not detected","Not detected","Low-quality","virulent",0,"FCH3CGLCCXYL4FAA_NODE_555",6920,629.46889647652,0.000629468896476519,63.6461084587571,6.36461084587571e-05,0,0,0,0,TRUE,"Caudoviricetes",FALSE,"",FALSE,"",FALSE,""
"vOTU0541","Caudoviricetes","Unclassified","Unclassified","Unclassified","Intermediate","Not detected","Not detected","Rare","Low-quality","virulent",0,"FCH3CGLCCXYL4FAA_NODE_558",6896,2413.99525276383,0.00241399525276382,0,0,0,0,53.3423198040704,5.33423198040704e-05,TRUE,"Caudoviricetes",FALSE,"",FALSE,"",FALSE,""
"vOTU0542","Caudoviricetes","Unclassified","Kyanoviridae","Unclassified","Rare","Rare","Not detected","Not detected","Low-quality","virulent",0,"FCH3CGLCCXYL4FAA_NODE_559",6896,618.827028938241,0.00061882702893824,191.602932868916,0.000191602932868916,0,0,0,0,TRUE,"Caudoviricetes",FALSE,"[Order]_Kyanoviridae",TRUE,"Kyanoviridae",FALSE,""
"vOTU0068","Caudoviricetes","Unclassified","Unclassified","Unclassified","Intermediate","Rare","Not detected","Not detected","Medium-quality","virulent",1,"FCH3CGLCCXYL4FAA_NODE_56",21192,1778.45829365475,0.00177845829365475,166.263169333954,0.000166263169333954,0,0,0,0,TRUE,"Caudoviricetes",FALSE,"",FALSE,"",FALSE,""
"vOTU0543","Caudoviricetes","Unclassified","Unclassified","Unclassified","Rare","Rare","Not detected","Not detected","Low-quality","virulent",0,"FCH3CGLCCXYL4FAA_NODE_560",6889,456.741518807611,0.00045674151880761,319.662588552598,0.000319662588552598,0,0,0,0,TRUE,"Caudoviricetes",FALSE,"",FALSE,"",FALSE,""
"vOTU0544","Caudoviricetes","Unclassified","Unclassified","Unclassified","Rare","Not detected","Not detected","Not detected","Low-quality","virulent",0,"FCH3CGLCCXYL4FAA_NODE_561",6872,562.323244002523,0.000562323244002522,0,0,0,0,0,0,TRUE,"Caudoviricetes",FALSE,"",FALSE,"",FALSE,""
"vOTU0545","Caudoviricetes","Unclassified","Unclassified","Unclassified","Rare","Rare","Not detected","Not detected","Low-quality","virulent",0,"FCH3CGLCCXYL4FAA_NODE_562",6870,921.734735141874,0.000921734735141873,256.437330862295,0.000256437330862295,0,0,0,0,TRUE,"Caudoviricetes",FALSE,"",FALSE,"",FALSE,""
"vOTU0546","Caudoviricetes","Unclassified","Unclassified","Unclassified","Intermediate","Not detected","Not detected","Not detected","Low-quality","virulent",0,"FCH3CGLCCXYL4FAA_NODE_564",6864,4452.25813818379,0.00445225813818378,0,0,0,0,0,0,TRUE,"Caudoviricetes",FALSE,"",FALSE,"",FALSE,""
"vOTU0547","Caudoviricetes","Unclassified","Unclassified","Unclassified","Rare","Not detected","Not detected","Not detected","Low-quality","virulent",0,"FCH3CGLCCXYL4FAA_NODE_565",6858,448.769747431314,0.000448769747431313,0,0,0,0,0,0,TRUE,"Caudoviricetes",FALSE,"",FALSE,"",FALSE,""
"vOTU0548","Caudoviricetes","Unclassified","Unclassified","Unclassified","Rare","Rare","Not detected","Not detected","Low-quality","virulent",0,"FCH3CGLCCXYL4FAA_NODE_568",6845,923.664497462586,0.000923664497462585,225.202182424336,0.000225202182424335,0,0,0,0,TRUE,"Caudoviricetes",FALSE,"",FALSE,"",FALSE,""
"vOTU0069","Caudoviricetes","Unclassified","Unclassified","Unclassified","Intermediate","Rare","Not detected","Not detected","Low-quality","virulent",0,"FCH3CGLCCXYL4FAA_NODE_57",21102,1130.43052590246,0.00113043052590246,292.20170101864,0.00029220170101864,0,0,0,0,TRUE,"Caudoviricetes",FALSE,"",FALSE,"",FALSE,""
"vOTU0549","Caudoviricetes","Unclassified","Unclassified","Unclassified","Rare","Rare","Not detected","Not detected","Low-quality","virulent",0,"FCH3CGLCCXYL4FAA_NODE_570",6838,989.318504757951,0.00098931850475795,64.4093722871491,6.44093722871491e-05,0,0,0,0,TRUE,"Caudoviricetes",FALSE,"",FALSE,"",FALSE,""
"vOTU0550","Caudoviricetes","Unclassified","Unclassified","Unclassified","Intermediate","Rare","Not detected","Not detected","Low-quality","virulent",0,"FCH3CGLCCXYL4FAA_NODE_571",6834,1315.06750412999,0.00131506750412999,64.4470340600215,6.44470340600214e-05,0,0,0,0,TRUE,"Caudoviricetes",FALSE,"",FALSE,"",FALSE,""
"vOTU0551","Caudoviricetes","Unclassified","Unclassified","Unclassified","Rare","Rare","Not detected","Not detected","Low-quality","virulent",0,"FCH3CGLCCXYL4FAA_NODE_572",6821,800.058298923943,0.000800058298923942,64.5698879943117,6.45698879943116e-05,0,0,0,0,TRUE,"Caudoviricetes",FALSE,"",FALSE,"",FALSE,""
"vOTU0552","Caudoviricetes","Unclassified","Unclassified","Unclassified","Rare","Rare","Not detected","Not detected","Low-quality","virulent",0,"FCH3CGLCCXYL4FAA_NODE_573",6819,572.46172863047,0.000572461728630469,64.5887966283136,6.45887966283135e-05,0,0,0,0,TRUE,"Caudoviricetes",FALSE,"",FALSE,"",FALSE,""
"vOTU0553","Caudoviricetes","Unclassified","Unclassified","Unclassified","Rare","Rare","Rare","Not detected","Low-quality","virulent",0,"FCH3CGLCCXYL4FAA_NODE_574",6815,588.668803194277,0.000588668803194276,64.6267523508865,6.46267523508865e-05,46.5409124159664,4.65409124159664e-05,0,0,TRUE,"Caudoviricetes",FALSE,"",FALSE,"",FALSE,""
"vOTU0554","Caudoviricetes","Unclassified","Unclassified","Unclassified","Rare","Rare","Not detected","Not detected","Low-quality","virulent",0,"FCH3CGLCCXYL4FAA_NODE_576",6796,726.31850289658,0.000726318502896579,129.61487112719,0.00012961487112719,0,0,0,0,TRUE,"Caudoviricetes",FALSE,"",FALSE,"",FALSE,""
"vOTU0555","Caudoviricetes","Unclassified","Unclassified","Unclassified","Intermediate","Rare","Rare","Not detected","Low-quality","virulent",0,"FCH3CGLCCXYL4FAA_NODE_577",6780,1516.97599054899,0.00151697599054898,97.4405555258703,9.74405555258703e-05,23.390571724267,2.3390571724267e-05,0,0,TRUE,"Caudoviricetes",FALSE,"",FALSE,"",FALSE,""
"vOTU0556","Caudoviricetes","Unclassified","Unclassified","Unclassified","Rare","Not detected","Not detected","Not detected","Low-quality","virulent",0,"FCH3CGLCCXYL4FAA_NODE_579",6765,508.717709781852,0.000508717709781852,0,0,0,0,0,0,TRUE,"Caudoviricetes",FALSE,"",FALSE,"",FALSE,""
"vOTU0070","Caudoviricetes","Unclassified","Unclassified","Unclassified","Intermediate","Rare","Not detected","Not detected","Low-quality","virulent",0,"FCH3CGLCCXYL4FAA_NODE_58",20612,1041.3824917326,0.0010413824917326,512.825009786031,0.000512825009786031,0,0,0,0,TRUE,"Caudoviricetes",FALSE,"",FALSE,"",FALSE,""
"vOTU0557","Caudoviricetes","Unclassified","Unclassified","Unclassified","Intermediate","Rare","Not detected","Not detected","Low-quality","virulent",0,"FCH3CGLCCXYL4FAA_NODE_580",6762,5921.19380153763,0.00592119380153762,781.599473484793,0.000781599473484793,0,0,0,0,TRUE,"Caudoviricetes",FALSE,"",FALSE,"",FALSE,""
"vOTU0559","Caudoviricetes","Unclassified","Unclassified","Unclassified","Rare","Rare","Not detected","Not detected","Low-quality","virulent",0,"FCH3CGLCCXYL4FAA_NODE_582",6737,770.626793008628,0.000770626793008627,392.249760794493,0.000392249760794493,0,0,0,0,TRUE,"Caudoviricetes",FALSE,"",FALSE,"",FALSE,""
"vOTU0560","Caudoviricetes","Unclassified","Unclassified","Unclassified","Rare","Not detected","Not detected","Not detected","Low-quality","virulent",0,"FCH3CGLCCXYL4FAA_NODE_583",6731,835.589745353478,0.000835589745353477,0,0,0,0,0,0,TRUE,"Caudoviricetes",FALSE,"",FALSE,"",FALSE,""
"vOTU0561","Caudoviricetes","Unclassified","Unclassified","Unclassified","Intermediate","Rare","Not detected","Rare","Low-quality","virulent",0,"FCH3CGLCCXYL4FAA_NODE_584",6726,1789.37467050034,0.00178937467050034,327.40954770921,0.00032740954770921,0,0,32.8143315908872,3.28143315908872e-05,TRUE,"Caudoviricetes",FALSE,"",FALSE,"",FALSE,""
"vOTU0562","Caudoviricetes","Unclassified","Unclassified","Unclassified","Intermediate","Rare","Rare","Rare","Low-quality","virulent",0,"FCH3CGLCCXYL4FAA_NODE_585",6723,4368.66594354018,0.00436866594354017,65.5110787244513,6.55110787244513e-05,47.1777592927392,4.71777592927392e-05,43.7719954915271,4.37719954915271e-05,TRUE,"Caudoviricetes",FALSE,"",FALSE,"",FALSE,""
"vOTU0563","Caudoviricetes","Unclassified","Unclassified","Unclassified","Rare","Rare","Not detected","Not detected","Low-quality","virulent",0,"FCH3CGLCCXYL4FAA_NODE_586",6717,755.35472307924,0.000755354723079239,196.70883916841,0.00019670883916841,0,0,0,0,TRUE,"Caudoviricetes",FALSE,"",FALSE,"",FALSE,""
"vOTU0564","Caudoviricetes","Unclassified","Unclassified","Unclassified","Intermediate","Not detected","Not detected","Not detected","Low-quality","virulent",0,"FCH3CGLCCXYL4FAA_NODE_587",6709,1097.74308985248,0.00109774308985247,0,0,0,0,0,0,TRUE,"Caudoviricetes",FALSE,"",FALSE,"",FALSE,""
"vOTU0565","Caudoviricetes","Crassvirales","Unclassified","Unclassified","Rare","Rare","Not detected","Not detected","Not-determined","virulent",0,"FCH3CGLCCXYL4FAA_NODE_588",6705,334.358783779962,0.000334358783779962,328.435027450963,0.000328435027450963,0,0,0,0,TRUE,"Caudoviricetes",TRUE,"Crassvirales",FALSE,"",FALSE,""
"vOTU0566","Caudoviricetes","Unclassified","Unclassified","Unclassified","Rare","Rare","Not detected","Not detected","Not-determined","virulent",0,"FCH3CGLCCXYL4FAA_NODE_589",6700,817.442362402843,0.000817442362402842,197.207914638349,0.000197207914638349,0,0,0,0,TRUE,"Caudoviricetes",FALSE,"",FALSE,"",FALSE,""
"vOTU0071","Caudoviricetes","Unclassified","Autographiviridae","Unclassified","Intermediate","Rare","Not detected","Not detected","Medium-quality","temperate",1,"FCH3CGLCCXYL4FAA_NODE_59",20466,2258.09220611477,0.00225809220611476,365.842299524547,0.000365842299524547,0,0,0,0,TRUE,"Caudoviricetes",FALSE,"[Order]_Autographiviridae",TRUE,"Autographiviridae",FALSE,""
"vOTU0567","Caudoviricetes","Unclassified","Unclassified","Unclassified","Rare","Rare","Not detected","Not detected","Low-quality","virulent",0,"FCH3CGLCCXYL4FAA_NODE_590",6698,512.338629677427,0.000512338629677426,65.7556257047213,6.57556257047213e-05,0,0,0,0,TRUE,"Caudoviricetes",FALSE,"",FALSE,"",FALSE,""
"vOTU0568","Caudoviricetes","Unclassified","Unclassified","Unclassified","Rare","Rare","Not detected","Not detected","Low-quality","virulent",0,"FCH3CGLCCXYL4FAA_NODE_592",6694,653.658935627705,0.000653658935627704,164.487329729652,0.000164487329729652,0,0,0,0,TRUE,"Caudoviricetes",FALSE,"",FALSE,"",FALSE,""
"vOTU0569","Caudoviricetes","Unclassified","Unclassified","Unclassified","Rare","Rare","Not detected","Not detected","Low-quality","virulent",0,"FCH3CGLCCXYL4FAA_NODE_593",6685,751.616765818122,0.000751616765818121,65.8834938244842,6.58834938244841e-05,0,0,0,0,TRUE,"Caudoviricetes",FALSE,"",FALSE,"",FALSE,""
"vOTU0570","Caudoviricetes","Unclassified","Autographiviridae","Unclassified","Rare","Not detected","Not detected","Not detected","Low-quality","virulent",0,"FCH3CGLCCXYL4FAA_NODE_594",6684,563.42904697134,0.00056342904697134,0,0,0,0,0,0,TRUE,"Caudoviricetes",FALSE,"[Order]_Autographiviridae",TRUE,"Autographiviridae",FALSE,""
"vOTU0571","Caudoviricetes","Unclassified","Unclassified","Unclassified","Rare","Rare","Not detected","Rare","Low-quality","virulent",0,"FCH3CGLCCXYL4FAA_NODE_595",6672,924.034568509893,0.000924034568509892,132.02378040336,0.00013202378040336,0,0,44.106551592442,4.4106551592442e-05,TRUE,"Caudoviricetes",FALSE,"",FALSE,"",FALSE,""
"vOTU0572","Caudoviricetes","Unclassified","Unclassified","Unclassified","Intermediate","Intermediate","Not detected","Rare","Low-quality","virulent",0,"FCH3CGLCCXYL4FAA_NODE_597",6644,2622.47228455752,0.00262247228455752,1060.64108900879,0.00106064108900879,0,0,88.5849295916792,8.85849295916792e-05,TRUE,"Caudoviricetes",FALSE,"",FALSE,"",FALSE,""
"vOTU0573","Caudoviricetes","Unclassified","Unclassified","Unclassified","Rare","Rare","Not detected","Not detected","Low-quality","virulent",0,"FCH3CGLCCXYL4FAA_NODE_598",6634,572.121665934927,0.000572121665934926,132.779993699078,0.000132779993699078,0,0,0,0,TRUE,"Caudoviricetes",FALSE,"",FALSE,"",FALSE,""
"vOTU0574","Caudoviricetes","Unclassified","Unclassified","Unclassified","Intermediate","Rare","Not detected","Rare","Low-quality","virulent",0,"FCH3CGLCCXYL4FAA_NODE_599",6633,1227.43050963798,0.00122743050963798,66.3999677085863,6.63999677085863e-05,0,0,221.82958574968,0.00022182958574968,TRUE,"Caudoviricetes",FALSE,"",FALSE,"",FALSE,""
"vOTU0016","Caudoviricetes","Unclassified","Unclassified","Unclassified","Intermediate","Rare","Not detected","Not detected","Medium-quality","virulent",1,"FCH3CGLCCXYL4FAA_NODE_6",49678,2494.12138690543,0.00249412138690543,531.943157502081,0.000531943157502081,0,0,0,0,TRUE,"Caudoviricetes",FALSE,"",FALSE,"",FALSE,""
"vOTU0072","Caudoviricetes","Unclassified","Unclassified","Unclassified","Rare","Not detected","Rare","Not detected","Low-quality","virulent",0,"FCH3CGLCCXYL4FAA_NODE_60",19961,983.229637613152,0.000983229637613151,0,0,15.8897974281736,1.58897974281736e-05,0,0,TRUE,"Caudoviricetes",FALSE,"",FALSE,"",FALSE,""
"vOTU0575","Caudoviricetes","Unclassified","Unclassified","Unclassified","Intermediate","Rare","Not detected","Not detected","Low-quality","virulent",0,"FCH3CGLCCXYL4FAA_NODE_600",6623,1422.28777641085,0.00142228777641085,864.503470791183,0.000864503470791182,0,0,0,0,TRUE,"Caudoviricetes",FALSE,"",FALSE,"",FALSE,""
"vOTU0577","Caudoviricetes","Unclassified","Unclassified","Unclassified","Rare","Rare","Not detected","Not detected","Low-quality","virulent",0,"FCH3CGLCCXYL4FAA_NODE_603",6601,777.566176417266,0.000777566176417265,100.082886425164,0.000100082886425164,0,0,0,0,TRUE,"Caudoviricetes",FALSE,"",FALSE,"",FALSE,""
"vOTU0578","Caudoviricetes","Unclassified","Unclassified","Unclassified","Rare","Not detected","Not detected","Not detected","Low-quality","virulent",0,"FCH3CGLCCXYL4FAA_NODE_605",6599,475.32349555551,0.000475323495555509,0,0,0,0,0,0,TRUE,"Caudoviricetes",FALSE,"",FALSE,"",FALSE,""
"vOTU0579","Caudoviricetes","Unclassified","Unclassified","Unclassified","Intermediate","Rare","Not detected","Rare","Low-quality","virulent",0,"FCH3CGLCCXYL4FAA_NODE_606",6592,1516.98186279034,0.00151698186279034,300.658591303617,0.000300658591303617,0,0,89.2837194868902,8.92837194868901e-05,TRUE,"Caudoviricetes",FALSE,"",FALSE,"",FALSE,""
"vOTU0580","Caudoviricetes","Unclassified","Unclassified","Unclassified","Rare","Not detected","Not detected","Not detected","Low-quality","virulent",0,"FCH3CGLCCXYL4FAA_NODE_607",6589,401.429583152876,0.000401429583152875,0,0,0,0,0,0,TRUE,"Caudoviricetes",FALSE,"",FALSE,"",FALSE,""
"vOTU0581","Caudoviricetes","Unclassified","Unclassified","Unclassified","Rare","Rare","Not detected","Not detected","Low-quality","virulent",0,"FCH3CGLCCXYL4FAA_NODE_608",6588,483.579651191929,0.000483579651191929,66.8535193161968,6.68535193161968e-05,0,0,0,0,TRUE,"Caudoviricetes",FALSE,"",FALSE,"",FALSE,""
"vOTU0582","Caudoviricetes","Unclassified","Autographiviridae","Unclassified","Rare","Not detected","Not detected","Not detected","Low-quality","virulent",0,"FCH3CGLCCXYL4FAA_NODE_609",6586,586.742396440055,0.000586742396440054,0,0,0,0,0,0,TRUE,"Caudoviricetes",FALSE,"[Order]_Autographiviridae",TRUE,"Autographiviridae",FALSE,""
"vOTU0073","Caudoviricetes","Unclassified","Unclassified","Unclassified","Intermediate","Rare","Not detected","Not detected","Medium-quality","virulent",1,"FCH3CGLCCXYL4FAA_NODE_61",19936,1687.79122262126,0.00168779122262126,176.738109516391,0.000176738109516391,0,0,0,0,TRUE,"Caudoviricetes",FALSE,"",FALSE,"",FALSE,""
"vOTU0583","Caudoviricetes","Unclassified","Unclassified","Unclassified","Intermediate","Rare","Not detected","Not detected","Low-quality","virulent",0,"FCH3CGLCCXYL4FAA_NODE_610",6578,1104.65651555747,0.00110465651555747,569.11938085085,0.000569119380850849,0,0,0,0,TRUE,"Caudoviricetes",FALSE,"",FALSE,"",FALSE,""
"vOTU0584","Caudoviricetes","Unclassified","Unclassified","Unclassified","Rare","Rare","Not detected","Not detected","Low-quality","virulent",0,"FCH3CGLCCXYL4FAA_NODE_611",6576,728.188368355426,0.000728188368355425,133.951131907691,0.000133951131907691,0,0,0,0,TRUE,"Caudoviricetes",FALSE,"",FALSE,"",FALSE,""
"vOTU0585","Caudoviricetes","Unclassified","Unclassified","Unclassified","Rare","Rare","Not detected","Not detected","Low-quality","virulent",0,"FCH3CGLCCXYL4FAA_NODE_613",6555,520.515498071327,0.000520515498071327,268.76040523482,0.00026876040523482,0,0,0,0,TRUE,"Caudoviricetes",FALSE,"",FALSE,"",FALSE,""
"vOTU0586","Caudoviricetes","Unclassified","Unclassified","Unclassified","Intermediate","Intermediate","Rare","Not detected","Low-quality","virulent",0,"FCH3CGLCCXYL4FAA_NODE_614",6553,2594.36773741112,0.00259436773741112,1142.58099519931,0.00114258099519931,48.4016766213612,4.84016766213612e-05,0,0,TRUE,"Caudoviricetes",FALSE,"",FALSE,"",FALSE,""
"vOTU0587","Caudoviricetes","Unclassified","Unclassified","Unclassified","Rare","Not detected","Not detected","Not detected","Low-quality","virulent",0,"FCH3CGLCCXYL4FAA_NODE_615",6551,388.74841801628,0.00038874841801628,0,0,0,0,0,0,TRUE,"Caudoviricetes",FALSE,"",FALSE,"",FALSE,""
"vOTU0588","Caudoviricetes","Unclassified","Unclassified","Unclassified","Rare","Rare","Not detected","Not detected","Not-determined","virulent",0,"FCH3CGLCCXYL4FAA_NODE_617",6544,540.923334420375,0.000540923334420374,67.3030387007404,6.73030387007403e-05,0,0,0,0,TRUE,"Caudoviricetes",FALSE,"",FALSE,"",FALSE,""
"vOTU0589","Caudoviricetes","Unclassified","Unclassified","Unclassified","Rare","Rare","Not detected","Not detected","Low-quality","virulent",0,"FCH3CGLCCXYL4FAA_NODE_618",6537,904.008931184185,0.000904008931184183,303.188092379425,0.000303188092379424,0,0,0,0,TRUE,"Caudoviricetes",FALSE,"",FALSE,"",FALSE,""
"vOTU0074","Caudoviricetes","Unclassified","Unclassified","Unclassified","Rare","Not detected","Not detected","Not detected","Medium-quality","virulent",1,"FCH3CGLCCXYL4FAA_NODE_62",19827,704.715629478383,0.000704715629478382,0,0,0,0,0,0,TRUE,"Caudoviricetes",FALSE,"",FALSE,"",FALSE,""
"vOTU0590","Caudoviricetes","Unclassified","Unclassified","Unclassified","Rare","Rare","Rare","Not detected","Low-quality","virulent",0,"FCH3CGLCCXYL4FAA_NODE_621",6522,551.794123498345,0.000551794123498344,67.5300594626294,6.75300594626294e-05,48.6317242576019,4.86317242576019e-05,0,0,TRUE,"Caudoviricetes",FALSE,"",FALSE,"",FALSE,""
"vOTU0591","Caudoviricetes","Unclassified","Unclassified","Unclassified","Rare","Rare","Rare","Not detected","Low-quality","virulent",0,"FCH3CGLCCXYL4FAA_NODE_622",6511,986.148309347131,0.000986148309347129,473.509173428111,0.000473509173428111,48.7138871882157,4.87138871882157e-05,0,0,TRUE,"Caudoviricetes",FALSE,"",FALSE,"",FALSE,""
"vOTU0592","Caudoviricetes","Unclassified","Unclassified","Unclassified","Rare","Rare","Rare","Not detected","Low-quality","virulent",0,"FCH3CGLCCXYL4FAA_NODE_623",6506,539.548750575619,0.000539548750575618,236.936516017886,0.000236936516017886,268.132151064535,0.000268132151064535,0,0,TRUE,"Caudoviricetes",FALSE,"",FALSE,"",FALSE,""
"vOTU0593","Caudoviricetes","Unclassified","Unclassified","Unclassified","Intermediate","Rare","Not detected","Rare","Low-quality","virulent",0,"FCH3CGLCCXYL4FAA_NODE_624",6504,5499.9527620745,0.0054999527620745,609.452581382701,0.000609452581382701,0,0,22.6229270415171,2.26229270415171e-05,TRUE,"Caudoviricetes",FALSE,"",FALSE,"",FALSE,""
"vOTU0594","Caudoviricetes","Unclassified","Unclassified","Unclassified","Rare","Rare","Not detected","Not detected","Low-quality","virulent",0,"FCH3CGLCCXYL4FAA_NODE_625",6497,581.158973482147,0.000581158973482146,135.579862467263,0.000135579862467263,0,0,0,0,TRUE,"Caudoviricetes",FALSE,"",FALSE,"",FALSE,""
"vOTU0595","Caudoviricetes","Unclassified","Unclassified","Unclassified","Rare","Not detected","Not detected","Not detected","Low-quality","virulent",0,"FCH3CGLCCXYL4FAA_NODE_626",6483,456.52769731713,0.000456527697317129,0,0,0,0,0,0,TRUE,"Caudoviricetes",FALSE,"",FALSE,"",FALSE,""
"vOTU0596","Caudoviricetes","Unclassified","Unclassified","Unclassified","Rare","Not detected","Not detected","Not detected","Low-quality","virulent",0,"FCH3CGLCCXYL4FAA_NODE_627",6481,728.242536785925,0.000728242536785924,0,0,0,0,0,0,TRUE,"Caudoviricetes",FALSE,"",FALSE,"",FALSE,""
"vOTU0598","Caudoviricetes","Unclassified","Unclassified","Unclassified","Intermediate","Rare","Not detected","Not detected","Low-quality","virulent",0,"FCH3CGLCCXYL4FAA_NODE_629",6460,1242.03657152388,0.00124203657152388,204.534696128721,0.000204534696128721,0,0,0,0,TRUE,"Caudoviricetes",FALSE,"",FALSE,"",FALSE,""
"vOTU0075","Caudoviricetes","Unclassified","Unclassified","Unclassified","Rare","Rare","Not detected","Not detected","Low-quality","virulent",0,"FCH3CGLCCXYL4FAA_NODE_63",19723,730.866182320338,0.000730866182320337,66.9925234434579,6.69925234434579e-05,0,0,0,0,TRUE,"Caudoviricetes",FALSE,"",FALSE,"",FALSE,""
"vOTU0599","Caudoviricetes","Unclassified","Unclassified","Unclassified","Intermediate","Intermediate","Not detected","Not detected","Low-quality","virulent",0,"FCH3CGLCCXYL4FAA_NODE_630",6455,2096.0367762409,0.00209603677624089,1023.46576028954,0.00102346576028954,0,0,0,0,TRUE,"Caudoviricetes",FALSE,"",FALSE,"",FALSE,""
"vOTU0600","Caudoviricetes","Unclassified","Unclassified","Unclassified","Rare","Rare","Not detected","Not detected","Low-quality","virulent",0,"FCH3CGLCCXYL4FAA_NODE_631",6447,669.550682814675,0.000669550682814674,136.631378058222,0.000136631378058222,0,0,0,0,TRUE,"Caudoviricetes",FALSE,"",FALSE,"",FALSE,""
"vOTU0601","Caudoviricetes","Unclassified","Unclassified","Unclassified","Intermediate","Not detected","Not detected","Not detected","Low-quality","virulent",0,"FCH3CGLCCXYL4FAA_NODE_633",6444,1089.48036689307,0.00108948036689306,0,0,0,0,0,0,TRUE,"Caudoviricetes",FALSE,"",FALSE,"",FALSE,""
"vOTU0602","Caudoviricetes","Unclassified","Unclassified","Unclassified","Rare","Rare","Not detected","Not detected","Low-quality","virulent",0,"FCH3CGLCCXYL4FAA_NODE_635",6440,719.137302985592,0.00071913730298559,68.3899028082323,6.83899028082323e-05,0,0,0,0,TRUE,"Caudoviricetes",FALSE,"",FALSE,"",FALSE,""
"vOTU0603","Caudoviricetes","Unclassified","Unclassified","Unclassified","Rare","Rare","Not detected","Not detected","Low-quality","virulent",0,"FCH3CGLCCXYL4FAA_NODE_636",6437,502.561395750581,0.000502561395750581,68.421804871029,6.8421804871029e-05,0,0,0,0,TRUE,"Caudoviricetes",FALSE,"",FALSE,"",FALSE,""
"vOTU0604","Caudoviricetes","Unclassified","Unclassified","Unclassified","Rare","Rare","Not detected","Not detected","Low-quality","virulent",0,"FCH3CGLCCXYL4FAA_NODE_637",6436,634.028440224658,0.000634028440224657,68.4324403120082,6.84324403120081e-05,0,0,0,0,TRUE,"Caudoviricetes",FALSE,"",FALSE,"",FALSE,""
"vOTU0605","Caudoviricetes","Unclassified","Unclassified","Unclassified","Rare","Not detected","Not detected","Not detected","Low-quality","virulent",0,"FCH3CGLCCXYL4FAA_NODE_639",6428,538.447693336553,0.000538447693336552,0,0,0,0,0,0,TRUE,"Caudoviricetes",FALSE,"",FALSE,"",FALSE,""
"vOTU0076","Caudoviricetes","Unclassified","Unclassified","Unclassified","Rare","Rare","Not detected","Not detected","Low-quality","virulent",0,"FCH3CGLCCXYL4FAA_NODE_64",19706,954.039157245228,0.000954039157245227,111.750559468856,0.000111750559468856,0,0,0,0,TRUE,"Caudoviricetes",FALSE,"",FALSE,"",FALSE,""
"vOTU0606","Caudoviricetes","Unclassified","Unclassified","Unclassified","Intermediate","Rare","Not detected","Rare","Low-quality","virulent",0,"FCH3CGLCCXYL4FAA_NODE_640",6427,1034.22533205869,0.00103422533205869,205.584854864902,0.000205584854864902,0,0,22.8939649181929,2.28939649181929e-05,TRUE,"Caudoviricetes",FALSE,"",FALSE,"",FALSE,""
"vOTU0607","Caudoviricetes","Unclassified","Unclassified","Unclassified","Rare","Rare","Not detected","Not detected","Low-quality","virulent",0,"FCH3CGLCCXYL4FAA_NODE_641",6421,558.942055364407,0.000558942055364406,342.961638242169,0.000342961638242169,0,0,0,0,TRUE,"Caudoviricetes",FALSE,"",FALSE,"",FALSE,""
"vOTU0608","Caudoviricetes","Unclassified","Unclassified","Unclassified","Rare","Not detected","Not detected","Rare","Low-quality","virulent",0,"FCH3CGLCCXYL4FAA_NODE_642",6420,744.351508966531,0.00074435150896653,0,0,0,0,114.594678226327,0.000114594678226327,TRUE,"Caudoviricetes",FALSE,"",FALSE,"",FALSE,""
"vOTU0610","Caudoviricetes","Unclassified","Unclassified","Unclassified","Intermediate","Rare","Not detected","Not detected","Low-quality","temperate",0,"FCH3CGLCCXYL4FAA_NODE_643",6391,2487.81436000204,0.00248781436000204,516.857019845985,0.000516857019845985,0,0,0,0,TRUE,"Caudoviricetes",FALSE,"",FALSE,"",FALSE,""
"vOTU0611","Megaviricetes","Imitervirales","Mimiviridae","Unclassified","Intermediate","Rare","Not detected","Not detected","Low-quality","virulent",0,"FCH3CGLCCXYL4FAA_NODE_644",6389,1181.9664186164,0.0011819664186164,137.871705210132,0.000137871705210132,0,0,0,0,TRUE,"Megaviricetes",TRUE,"Imitervirales",TRUE,"Mimiviridae",FALSE,""
"vOTU0612","Caudoviricetes","Unclassified","Autographiviridae","Pelagivirus","Rare","Rare","Not detected","Not detected","Low-quality","virulent",0,"FCH3CGLCCXYL4FAA_NODE_645",6388,712.677310186874,0.000712677310186873,68.9466754922311,6.8946675492231e-05,0,0,0,0,TRUE,"Caudoviricetes",FALSE,"[Order]_Autographiviridae",TRUE,"Autographiviridae",TRUE,"Pelagivirus"
"vOTU0613","Caudoviricetes","Unclassified","Unclassified","Unclassified","Rare","Not detected","Not detected","Not detected","Low-quality","virulent",0,"FCH3CGLCCXYL4FAA_NODE_648",6380,733.606409821985,0.000733606409821984,0,0,0,0,0,0,TRUE,"Caudoviricetes",FALSE,"",FALSE,"",FALSE,""
"vOTU0614","Caudoviricetes","Unclassified","Unclassified","Unclassified","Rare","Rare","Not detected","Not detected","Low-quality","virulent",0,"FCH3CGLCCXYL4FAA_NODE_650",6374,512.156446385291,0.00051215644638529,69.0980744985343,6.90980744985343e-05,0,0,0,0,TRUE,"Caudoviricetes",FALSE,"",FALSE,"",FALSE,""
"vOTU0615","Caudoviricetes","Unclassified","Unclassified","Unclassified","Rare","Not detected","Not detected","Not detected","Low-quality","virulent",0,"FCH3CGLCCXYL4FAA_NODE_651",6368,470.948507964384,0.000470948507964383,0,0,0,0,0,0,TRUE,"Caudoviricetes",FALSE,"",FALSE,"",FALSE,""
"vOTU0616","Caudoviricetes","Unclassified","Unclassified","Unclassified","Intermediate","Rare","Not detected","Not detected","Low-quality","virulent",0,"FCH3CGLCCXYL4FAA_NODE_652",6354,1801.28525376058,0.00180128525376058,138.631151952557,0.000138631151952557,0,0,0,0,TRUE,"Caudoviricetes",FALSE,"[Order]_Puniceispirillum phage HMO-2011",FALSE,"[Family]_Puniceispirillum phage HMO-2011",FALSE,"[Genus]_Puniceispirillum phage HMO-2011"
"vOTU0618","Caudoviricetes","Unclassified","Unclassified","Unclassified","Intermediate","Rare","Not detected","Not detected","Low-quality","virulent",0,"FCH3CGLCCXYL4FAA_NODE_653",6346,1309.28229178431,0.00130928229178431,173.507389299721,0.000173507389299721,0,0,0,0,TRUE,"Caudoviricetes",FALSE,"",FALSE,"",FALSE,""
"vOTU0619","Caudoviricetes","Unclassified","Unclassified","Unclassified","Intermediate","Rare","Not detected","Rare","Low-quality","virulent",0,"FCH3CGLCCXYL4FAA_NODE_654",6343,2359.373173643,0.002359373173643,138.87159428737,0.00013887159428737,0,0,46.3943185947474,4.63943185947474e-05,TRUE,"Caudoviricetes",FALSE,"",FALSE,"",FALSE,""
"vOTU0620","Caudoviricetes","Unclassified","Unclassified","Unclassified","Intermediate","Rare","Not detected","Not detected","Low-quality","virulent",0,"FCH3CGLCCXYL4FAA_NODE_655",6341,1121.13349750883,0.00112113349750882,347.28840742944,0.00034728840742944,0,0,0,0,TRUE,"Caudoviricetes",FALSE,"",FALSE,"",FALSE,""
"vOTU0621","Caudoviricetes","Unclassified","Unclassified","Unclassified","Rare","Rare","Not detected","Not detected","Not-determined","virulent",0,"FCH3CGLCCXYL4FAA_NODE_656",6341,440.389987106361,0.00044038998710636,173.644288917532,0.000173644288917532,0,0,0,0,TRUE,"Caudoviricetes",FALSE,"",FALSE,"",FALSE,""
"vOTU0622","Caudoviricetes","Unclassified","Unclassified","Inhavirus","Intermediate","Rare","Not detected","Not detected","Low-quality","virulent",0,"FCH3CGLCCXYL4FAA_NODE_659",6306,1224.03132078248,0.00122403132078248,349.216014542206,0.000349216014542206,0,0,0,0,TRUE,"Caudoviricetes",FALSE,"[Order]_Inhavirus",FALSE,"[Family]_Inhavirus",TRUE,"Inhavirus"
"vOTU0623","Caudoviricetes","Unclassified","Unclassified","Unclassified","Intermediate","Rare","Not detected","Not detected","Low-quality","virulent",0,"FCH3CGLCCXYL4FAA_NODE_661",6297,1327.27778741456,0.00132727778741455,349.715281718471,0.000349715281718471,0,0,0,0,TRUE,"Caudoviricetes",FALSE,"",FALSE,"",FALSE,""
"vOTU0003","Caudoviricetes","Unclassified","Unclassified","Unclassified","Rare","Not detected","Not detected","Intermediate","Low-quality","virulent",0,"FCH3CGLCCXYL4FAA_NODE_662",6290,357.982259497453,0.000357982259497453,0,0,0,0,2795.41627865869,0.00279541627865869,TRUE,"Caudoviricetes",FALSE,"",FALSE,"",FALSE,""
"vOTU0624","Caudoviricetes","Unclassified","Unclassified","Unclassified","Intermediate","Rare","Not detected","Not detected","Low-quality","virulent",0,"FCH3CGLCCXYL4FAA_NODE_663",6282,1062.79275563421,0.0010627927556342,140.220099189243,0.000140220099189243,0,0,0,0,TRUE,"Caudoviricetes",FALSE,"",FALSE,"",FALSE,""
"vOTU0625","Caudoviricetes","Unclassified","Unclassified","Unclassified","Rare","Rare","Not detected","Not detected","Low-quality","virulent",0,"FCH3CGLCCXYL4FAA_NODE_664",6278,856.727800907658,0.000856727800907657,175.386814222432,0.000175386814222432,0,0,0,0,TRUE,"Caudoviricetes",FALSE,"",FALSE,"",FALSE,""
"vOTU0626","Caudoviricetes","Unclassified","Unclassified","Unclassified","Intermediate","Rare","Not detected","Not detected","Low-quality","virulent",0,"FCH3CGLCCXYL4FAA_NODE_665",6274,1960.60189423273,0.00196060189423273,350.997307126462,0.000350997307126462,0,0,0,0,TRUE,"Caudoviricetes",FALSE,"",FALSE,"",FALSE,""
"vOTU0627","Caudoviricetes","Unclassified","Unclassified","Unclassified","Rare","Not detected","Not detected","Not detected","Low-quality","virulent",0,"FCH3CGLCCXYL4FAA_NODE_666",6272,854.411788915485,0.000854411788915484,0,0,0,0,0,0,TRUE,"Caudoviricetes",FALSE,"",FALSE,"",FALSE,""
"vOTU0628","Caudoviricetes","Unclassified","Unclassified","Unclassified","Rare","Rare","Not detected","Rare","Low-quality","virulent",0,"FCH3CGLCCXYL4FAA_NODE_667",6271,420.218238828296,0.000420218238828295,70.2330121624968,7.02330121624968e-05,0,0,293.293539427736,0.000293293539427736,TRUE,"Caudoviricetes",FALSE,"",FALSE,"",FALSE,""
"vOTU0629","Caudoviricetes","Unclassified","Unclassified","Unclassified","Rare","Rare","Not detected","Not detected","Low-quality","virulent",0,"FCH3CGLCCXYL4FAA_NODE_668",6268,509.83676723831,0.000509836767238309,105.399967893629,0.000105399967893629,0,0,0,0,TRUE,"Caudoviricetes",FALSE,"",FALSE,"",FALSE,""
"vOTU0078","Caudoviricetes","Unclassified","Unclassified","Unclassified","Rare","Rare","Not detected","Not detected","Medium-quality","virulent",1,"FCH3CGLCCXYL4FAA_NODE_67",19177,936.773305580143,0.000936773305580142,126.316497747905,0.000126316497747905,0,0,0,0,TRUE,"Caudoviricetes",FALSE,"",FALSE,"",FALSE,""
"vOTU0630","Caudoviricetes","Unclassified","Unclassified","Unclassified","Intermediate","Rare","Not detected","Not detected","Low-quality","virulent",0,"FCH3CGLCCXYL4FAA_NODE_670",6262,1107.01356133416,0.00110701356133416,351.669770318351,0.000351669770318351,0,0,0,0,TRUE,"Caudoviricetes",FALSE,"",FALSE,"",FALSE,""
"vOTU0631","Caudoviricetes","Unclassified","Unclassified","Unclassified","Intermediate","Rare","Rare","Not detected","Low-quality","virulent",0,"FCH3CGLCCXYL4FAA_NODE_671",6260,1419.94257099021,0.00141994257099021,633.20791343,0.00063320791343,50.6671323837768,5.06671323837768e-05,0,0,TRUE,"Caudoviricetes",FALSE,"[Order]_Idiomarinaceae phage Phi1M2-2",FALSE,"[Family]_Idiomarinaceae phage Phi1M2-2",FALSE,""
"vOTU0633","Caudoviricetes","Unclassified","Unclassified","Unclassified","Rare","Rare","Rare","Not detected","Low-quality","virulent",0,"FCH3CGLCCXYL4FAA_NODE_672",6247,846.812844944684,0.000846812844944683,352.514257987203,0.000352514257987203,101.545110652074,0.000101545110652074,0,0,TRUE,"Caudoviricetes",FALSE,"",FALSE,"",FALSE,""
"vOTU0634","Caudoviricetes","Unclassified","Unclassified","Unclassified","Rare","Rare","Not detected","Not detected","Low-quality","virulent",0,"FCH3CGLCCXYL4FAA_NODE_673",6238,589.526126464427,0.000589526126464426,141.209112127559,0.000141209112127559,0,0,0,0,TRUE,"Caudoviricetes",FALSE,"",FALSE,"",FALSE,""
"vOTU0635","Caudoviricetes","Unclassified","Unclassified","Unclassified","Rare","Rare","Not detected","Not detected","Low-quality","virulent",0,"FCH3CGLCCXYL4FAA_NODE_674",6238,513.86486115925,0.000513864861159249,141.209112127559,0.000141209112127559,0,0,0,0,TRUE,"Caudoviricetes",FALSE,"",FALSE,"",FALSE,""
"vOTU0636","Caudoviricetes","Unclassified","Unclassified","Unclassified","Intermediate","Rare","Not detected","Not detected","Low-quality","virulent",0,"FCH3CGLCCXYL4FAA_NODE_677",6223,1003.3457074558,0.00100334570745579,176.936943058076,0.000176936943058076,0,0,0,0,TRUE,"Caudoviricetes",FALSE,"",FALSE,"",FALSE,""
"vOTU0637","Caudoviricetes","Unclassified","Unclassified","Unclassified","Intermediate","Intermediate","Rare","Not detected","Low-quality","virulent",0,"FCH3CGLCCXYL4FAA_NODE_678",6206,1641.43934457945,0.00164143934457945,1170.98235136957,0.00117098235136957,51.1079789764447,5.11079789764447e-05,0,0,TRUE,"Caudoviricetes",FALSE,"",FALSE,"",FALSE,""
"vOTU0638","Caudoviricetes","Unclassified","Unclassified","Elemovirus","Rare","Rare","Not detected","Not detected","Low-quality","virulent",0,"FCH3CGLCCXYL4FAA_NODE_679",6203,813.190763785262,0.000813190763785261,248.51038076582,0.00024851038076582,0,0,0,0,TRUE,"Caudoviricetes",FALSE,"[Order]_Elemovirus",FALSE,"[Family]_Elemovirus",TRUE,"Elemovirus"
"vOTU0079","Caudoviricetes","Unclassified","Unclassified","Unclassified","Intermediate","Rare","Not detected","Rare","Low-quality","virulent",0,"FCH3CGLCCXYL4FAA_NODE_68",19126,2210.65559326804,0.00221065559326804,299.362507431684,0.000299362507431684,0,0,15.3863410602422,1.53863410602422e-05,TRUE,"Caudoviricetes",FALSE,"",FALSE,"",FALSE,""
"vOTU0639","Caudoviricetes","Unclassified","Unclassified","Unclassified","Intermediate","Rare","Not detected","Not detected","Low-quality","virulent",0,"FCH3CGLCCXYL4FAA_NODE_680",6200,2220.30692154647,0.00222030692154647,390.705268124847,0.000390705268124847,0,0,0,0,TRUE,"Caudoviricetes",FALSE,"",FALSE,"",FALSE,""
"vOTU0640","Caudoviricetes","Unclassified","Unclassified","Unclassified","Intermediate","Rare","Rare","Not detected","Low-quality","virulent",0,"FCH3CGLCCXYL4FAA_NODE_681",6199,1195.9868622446,0.0011959868622446,710.487332320249,0.000710487332320249,51.1657209351814,5.11657209351814e-05,0,0,TRUE,"Caudoviricetes",FALSE,"",FALSE,"",FALSE,""
"vOTU0641","Caudoviricetes","Unclassified","Unclassified","Unclassified","Intermediate","Rare","Not detected","Not detected","Low-quality","virulent",0,"FCH3CGLCCXYL4FAA_NODE_682",6198,3966.1130125994,0.0039661130125994,923.782517652984,0.000923782517652984,0,0,0,0,TRUE,"Caudoviricetes",FALSE,"",FALSE,"",FALSE,""
"vOTU0642","Caudoviricetes","Unclassified","Unclassified","Unclassified","Intermediate","Rare","Not detected","Rare","Low-quality","virulent",0,"FCH3CGLCCXYL4FAA_NODE_683",6195,1079.30545040036,0.00107930545040036,213.283853358769,0.000213283853358769,0,0,23.7513268025486,2.37513268025486e-05,TRUE,"Caudoviricetes",FALSE,"",FALSE,"",FALSE,""
"vOTU0644","Unclassified","Unclassified","Unclassified","Unclassified","Rare","Not detected","Not detected","Not detected","Low-quality","virulent",0,"FCH3CGLCCXYL4FAA_NODE_685",6188,456.045574317352,0.000456045574317351,0,0,0,0,0,0,FALSE,,FALSE,,FALSE,,FALSE,
"vOTU0645","Caudoviricetes","Unclassified","Unclassified","Unclassified","Intermediate","Rare","Not detected","Not detected","Low-quality","virulent",0,"FCH3CGLCCXYL4FAA_NODE_686",6184,1041.47436234946,0.00104147436234946,142.442231121593,0.000142442231121593,0,0,0,0,TRUE,"Caudoviricetes",FALSE,"",FALSE,"",FALSE,""
"vOTU0646","Caudoviricetes","Unclassified","Unclassified","Unclassified","Intermediate","Rare","Not detected","Not detected","Low-quality","virulent",0,"FCH3CGLCCXYL4FAA_NODE_687",6172,1339.8211346417,0.00133982113464169,285.43830182039,0.00028543830182039,0,0,0,0,TRUE,"Caudoviricetes",FALSE,"",FALSE,"",FALSE,""
"vOTU0647","Caudoviricetes","Unclassified","Unclassified","Unclassified","Rare","Not detected","Not detected","Not detected","Low-quality","virulent",0,"FCH3CGLCCXYL4FAA_NODE_688",6170,640.645042105183,0.000640645042105182,0,0,0,0,0,0,TRUE,"Caudoviricetes",FALSE,"",FALSE,"",FALSE,""
"vOTU0648","Caudoviricetes","Unclassified","Unclassified","Unclassified","Rare","Rare","Not detected","Not detected","Low-quality","virulent",0,"FCH3CGLCCXYL4FAA_NODE_689",6164,376.466445450468,0.000376466445450468,71.4521813261745,7.14521813261744e-05,0,0,0,0,TRUE,"Caudoviricetes",FALSE,"",FALSE,"",FALSE,""
"vOTU0080","Caudoviricetes","Unclassified","Unclassified","Unclassified","Rare","Rare","Not detected","Not detected","Low-quality","virulent",0,"FCH3CGLCCXYL4FAA_NODE_69",19099,698.113432565438,0.000698113432565437,138.362635291266,0.000138362635291266,0,0,0,0,TRUE,"Caudoviricetes",FALSE,"",FALSE,"",FALSE,""
"vOTU0649","Caudoviricetes","Unclassified","Unclassified","Unclassified","Rare","Rare","Not detected","Not detected","Low-quality","virulent",0,"FCH3CGLCCXYL4FAA_NODE_690",6158,372.042826113553,0.000372042826113552,143.04365646917,0.00014304365646917,0,0,0,0,TRUE,"Caudoviricetes",FALSE,"",FALSE,"",FALSE,""
"vOTU0650","Caudoviricetes","Unclassified","Unclassified","Unclassified","Rare","Rare","Not detected","Not detected","Low-quality","virulent",0,"FCH3CGLCCXYL4FAA_NODE_691",6156,523.90402101906,0.000523904021019059,71.5450481308625,7.15450481308624e-05,0,0,0,0,TRUE,"Caudoviricetes",FALSE,"",FALSE,"",FALSE,""
"vOTU0651","Caudoviricetes","Unclassified","Unclassified","Unclassified","Rare","Rare","Not detected","Not detected","Low-quality","virulent",0,"FCH3CGLCCXYL4FAA_NODE_692",6153,498.590969636624,0.000498590969636624,71.5799301620008,7.15799301620008e-05,0,0,0,0,TRUE,"Caudoviricetes",FALSE,"",FALSE,"",FALSE,""
"vOTU0652","Caudoviricetes","Unclassified","Unclassified","Unclassified","Intermediate","Rare","Not detected","Not detected","Low-quality","virulent",0,"FCH3CGLCCXYL4FAA_NODE_694",6144,4669.93517456286,0.00466993517456285,143.369514622782,0.000143369514622782,0,0,0,0,TRUE,"Caudoviricetes",FALSE,"",FALSE,"",FALSE,""
"vOTU0653","Caudoviricetes","Unclassified","Unclassified","Unclassified","Rare","Rare","Not detected","Not detected","Low-quality","virulent",0,"FCH3CGLCCXYL4FAA_NODE_697",6122,449.719133064981,0.00044971913306498,179.855999909575,0.000179855999909575,0,0,0,0,TRUE,"Caudoviricetes",FALSE,"",FALSE,"",FALSE,""
"vOTU0654","Caudoviricetes","Unclassified","Unclassified","Unclassified","Intermediate","Rare","Not detected","Not detected","Low-quality","virulent",0,"FCH3CGLCCXYL4FAA_NODE_698",6121,1004.00138514816,0.00100400138514816,215.862409953453,0.000215862409953453,0,0,0,0,TRUE,"Caudoviricetes",FALSE,"",FALSE,"",FALSE,""
"vOTU0655","Caudoviricetes","Unclassified","Unclassified","Unclassified","Rare","Not detected","Not detected","Not detected","Low-quality","virulent",0,"FCH3CGLCCXYL4FAA_NODE_699",6118,695.913211585541,0.00069591321158554,0,0,0,0,0,0,TRUE,"Caudoviricetes",FALSE,"",FALSE,"",FALSE,""
"vOTU0017","Caudoviricetes","Unclassified","Unclassified","Unclassified","Intermediate","Rare","Not detected","Not detected","Medium-quality","virulent",1,"FCH3CGLCCXYL4FAA_NODE_7",49494,1654.8898931758,0.0016548898931758,240.26434613927,0.00024026434613927,0,0,0,0,TRUE,"Caudoviricetes",FALSE,"",FALSE,"",FALSE,""
"vOTU0081","Caudoviricetes","Unclassified","Unclassified","Unclassified","Rare","Rare","Rare","Not detected","Low-quality","virulent",0,"FCH3CGLCCXYL4FAA_NODE_70",19084,894.451798450825,0.000894451798450823,253.864120744049,0.000253864120744049,16.6199985657253,1.66199985657253e-05,0,0,TRUE,"Caudoviricetes",FALSE,"",FALSE,"",FALSE,""
"vOTU0656","Caudoviricetes","Unclassified","Unclassified","Unclassified","Rare","Rare","Not detected","Not detected","Low-quality","virulent",0,"FCH3CGLCCXYL4FAA_NODE_700",6117,739.427838317442,0.000739427838317441,144.002305255441,0.000144002305255441,0,0,0,0,TRUE,"Caudoviricetes",FALSE,"",FALSE,"",FALSE,""
"vOTU0657","Caudoviricetes","Unclassified","Unclassified","Unclassified","Intermediate","Rare","Not detected","Not detected","Low-quality","virulent",0,"FCH3CGLCCXYL4FAA_NODE_701",6116,1684.88602108991,0.00168488602108991,144.025938385356,0.000144025938385356,0,0,0,0,TRUE,"Caudoviricetes",FALSE,"",FALSE,"",FALSE,""
"vOTU0658","Caudoviricetes","Unclassified","Unclassified","Unclassified","Rare","Rare","Not detected","Not detected","Low-quality","virulent",0,"FCH3CGLCCXYL4FAA_NODE_702",6110,695.215373597047,0.000695215373597046,72.083634274689,7.2083634274689e-05,0,0,0,0,TRUE,"Caudoviricetes",FALSE,"",FALSE,"",FALSE,""
"vOTU0659","Caudoviricetes","Unclassified","Unclassified","Unclassified","Rare","Rare","Not detected","Rare","Low-quality","virulent",0,"FCH3CGLCCXYL4FAA_NODE_703",6104,691.06616769411,0.000691066167694109,144.309024727459,0.000144309024727459,0,0,48.2108599520405,4.82108599520405e-05,TRUE,"Caudoviricetes",FALSE,"",FALSE,"",FALSE,""
"vOTU0660","Caudoviricetes","Unclassified","Unclassified","Unclassified","Rare","Not detected","Not detected","Rare","Low-quality","virulent",0,"FCH3CGLCCXYL4FAA_NODE_704",6104,425.271386407278,0.000425271386407277,0,0,0,0,445.950482896418,0.000445950482896418,TRUE,"Caudoviricetes",FALSE,"",FALSE,"",FALSE,""
"vOTU0661","Caudoviricetes","Unclassified","Unclassified","Unclassified","Rare","Rare","Not detected","Rare","Low-quality","virulent",0,"FCH3CGLCCXYL4FAA_NODE_705",6095,830.826087289351,0.00083082608728935,289.044319122201,0.000289044319122201,0,0,193.128162776875,0.000193128162776875,TRUE,"Caudoviricetes",FALSE,"",FALSE,"",FALSE,""
"vOTU0662","Caudoviricetes","Unclassified","Unclassified","Unclassified","Intermediate","Rare","Not detected","Not detected","Low-quality","virulent",0,"FCH3CGLCCXYL4FAA_NODE_706",6093,2248.00184989764,0.00224800184989763,216.854456111868,0.000216854456111868,0,0,0,0,TRUE,"Caudoviricetes",FALSE,"",FALSE,"",FALSE,""
"vOTU0663","Caudoviricetes","Unclassified","Unclassified","Unclassified","Rare","Rare","Not detected","Not detected","Low-quality","virulent",0,"FCH3CGLCCXYL4FAA_NODE_707",6093,445.404401860702,0.000445404401860702,216.854456111868,0.000216854456111868,0,0,0,0,TRUE,"Caudoviricetes",FALSE,"",FALSE,"",FALSE,""
"vOTU0665","Caudoviricetes","Unclassified","Unclassified","Unclassified","Rare","Not detected","Not detected","Not detected","Low-quality","virulent",0,"FCH3CGLCCXYL4FAA_NODE_709",6075,704.076130410171,0.00070407613041017,0,0,0,0,0,0,TRUE,"Caudoviricetes",FALSE,"",FALSE,"",FALSE,""
"vOTU0083","Caudoviricetes","Unclassified","Zobellviridae","Unclassified","Intermediate","Rare","Not detected","Not detected","Low-quality","virulent",0,"FCH3CGLCCXYL4FAA_NODE_71",18867,1994.49239674311,0.0019944923967431,303.471860344022,0.000303471860344022,0,0,0,0,TRUE,"Caudoviricetes",FALSE,"[Order]_Zobellviridae",TRUE,"Zobellviridae",FALSE,""
"vOTU0666","Caudoviricetes","Unclassified","Unclassified","Unclassified","Rare","Rare","Not detected","Not detected","Low-quality","virulent",0,"FCH3CGLCCXYL4FAA_NODE_712",6064,622.657144436205,0.000622657144436204,72.630497871679,7.2630497871679e-05,0,0,0,0,TRUE,"Caudoviricetes",FALSE,"",FALSE,"",FALSE,""
"vOTU0667","Caudoviricetes","Unclassified","Unclassified","Unclassified","Rare","Rare","Not detected","Not detected","Low-quality","virulent",0,"FCH3CGLCCXYL4FAA_NODE_715",6055,501.788896407661,0.00050178889640766,145.476920969085,0.000145476920969084,0,0,0,0,TRUE,"Caudoviricetes",FALSE,"",FALSE,"",FALSE,""
"vOTU0668","Caudoviricetes","Unclassified","Unclassified","Unclassified","Rare","Rare","Not detected","Not detected","Low-quality","virulent",0,"FCH3CGLCCXYL4FAA_NODE_716",6053,501.954493613998,0.000501954493613997,72.762428035493,7.2762428035493e-05,0,0,0,0,TRUE,"Caudoviricetes",FALSE,"",FALSE,"",FALSE,""
"vOTU0669","Caudoviricetes","Unclassified","Unclassified","Unclassified","Intermediate","Rare","Not detected","Not detected","Low-quality","virulent",0,"FCH3CGLCCXYL4FAA_NODE_718",6044,1021.67333226367,0.00102167333226367,364.35418981559,0.00036435418981559,0,0,0,0,TRUE,"Caudoviricetes",FALSE,"",FALSE,"",FALSE,""
"vOTU0670","Caudoviricetes","Unclassified","Unclassified","Unclassified","Rare","Rare","Not detected","Not detected","Low-quality","virulent",0,"FCH3CGLCCXYL4FAA_NODE_719",6043,393.766979292072,0.000393766979292071,72.8828472994369,7.28828472994368e-05,0,0,0,0,TRUE,"Caudoviricetes",FALSE,"",FALSE,"",FALSE,""
"vOTU0084","Caudoviricetes","Unclassified","Unclassified","Unclassified","Rare","Rare","Not detected","Rare","Medium-quality","virulent",1,"FCH3CGLCCXYL4FAA_NODE_72",18722,947.460593107713,0.000947460593107712,399.921336763392,0.000399921336763392,0,0,7.85918071001758,7.85918071001758e-06,TRUE,"Caudoviricetes",FALSE,"",FALSE,"",FALSE,""
"vOTU0671","Caudoviricetes","Unclassified","Unclassified","Unclassified","Rare","Rare","Not detected","Not detected","Low-quality","virulent",0,"FCH3CGLCCXYL4FAA_NODE_720",6042,891.818637488576,0.000891818637488575,109.342429798414,0.000109342429798414,0,0,0,0,TRUE,"Caudoviricetes",FALSE,"",FALSE,"",FALSE,""
"vOTU0672","Caudoviricetes","Unclassified","Unclassified","Unclassified","Intermediate","Rare","Not detected","Not detected","Low-quality","virulent",0,"FCH3CGLCCXYL4FAA_NODE_722",6039,1151.14817691197,0.00115114817691196,218.793450580427,0.000218793450580427,0,0,0,0,TRUE,"Caudoviricetes",FALSE,"",FALSE,"",FALSE,""
"vOTU0673","Caudoviricetes","Unclassified","Unclassified","Unclassified","Intermediate","Rare","Not detected","Not detected","Low-quality","virulent",0,"FCH3CGLCCXYL4FAA_NODE_724",6016,1104.8809070824,0.0011048809070824,146.419903088342,0.000146419903088342,0,0,0,0,TRUE,"Caudoviricetes",FALSE,"",FALSE,"",FALSE,""
"vOTU0674","Caudoviricetes","Unclassified","Unclassified","Unclassified","Intermediate","Rare","Not detected","Rare","Low-quality","virulent",0,"FCH3CGLCCXYL4FAA_NODE_725",6015,1216.22531439084,0.00121622531439084,146.444347775038,0.000146444347775038,0,0,24.4621026467544,2.44621026467544e-05,TRUE,"Caudoviricetes",FALSE,"",FALSE,"",FALSE,""
"vOTU0675","Caudoviricetes","Unclassified","Unclassified","Unclassified","Rare","Rare","Not detected","Rare","Low-quality","virulent",0,"FCH3CGLCCXYL4FAA_NODE_727",6013,480.765002019175,0.000480765002019174,109.869777691368,0.000109869777691368,0,0,171.291605181379,0.000171291605181379,TRUE,"Caudoviricetes",FALSE,"",FALSE,"",FALSE,""
"vOTU0676","Caudoviricetes","Unclassified","Autographiviridae","Chosvirus","Rare","Rare","Not detected","Not detected","Low-quality","virulent",0,"FCH3CGLCCXYL4FAA_NODE_728",6006,643.404659987482,0.000643404659987481,219.995672904844,0.000219995672904844,0,0,0,0,TRUE,"Caudoviricetes",FALSE,"[Order]_Autographiviridae",TRUE,"Autographiviridae",TRUE,"Chosvirus"
"vOTU0087","Caudoviricetes","Unclassified","Unclassified","Unclassified","Rare","Rare","Rare","Not detected","Low-quality","virulent",0,"FCH3CGLCCXYL4FAA_NODE_73",18494,641.730999295038,0.000641730999295038,83.3518381955415,8.33518381955415e-05,34.3004312641793,3.43004312641793e-05,0,0,TRUE,"Caudoviricetes",FALSE,"",FALSE,"",FALSE,""
"vOTU0677","Caudoviricetes","Unclassified","Unclassified","Unclassified","Rare","Rare","Not detected","Not detected","Low-quality","virulent",0,"FCH3CGLCCXYL4FAA_NODE_730",6002,702.810218983063,0.000702810218983062,146.761438559319,0.000146761438559319,0,0,0,0,TRUE,"Caudoviricetes",FALSE,"",FALSE,"",FALSE,""
"vOTU0678","Caudoviricetes","Unclassified","Autographiviridae","Pedosvirus","Intermediate","Rare","Not detected","Not detected","Low-quality","virulent",0,"FCH3CGLCCXYL4FAA_NODE_731",6000,2366.42396185915,0.00236642396185914,293.620753848658,0.000293620753848658,0,0,0,0,TRUE,"Caudoviricetes",FALSE,"[Order]_Autographiviridae",TRUE,"Autographiviridae",TRUE,"Pedosvirus"
"vOTU0679","Caudoviricetes","Unclassified","Unclassified","Unclassified","Rare","Rare","Not detected","Not detected","Low-quality","virulent",0,"FCH3CGLCCXYL4FAA_NODE_732",6000,635.853484902516,0.000635853484902515,293.620753848658,0.000293620753848658,0,0,0,0,TRUE,"Caudoviricetes",FALSE,"",FALSE,"",FALSE,""
"vOTU0681","Caudoviricetes","Unclassified","Unclassified","Unclassified","Rare","Rare","Not detected","Not detected","Low-quality","virulent",0,"FCH3CGLCCXYL4FAA_NODE_733",5997,506.642124128768,0.000506642124128768,146.883811097723,0.000146883811097723,0,0,0,0,TRUE,"Caudoviricetes",FALSE,"",FALSE,"",FALSE,""
"vOTU0682","Caudoviricetes","Unclassified","Unclassified","Unclassified","Rare","Not detected","Not detected","Not detected","Low-quality","virulent",0,"FCH3CGLCCXYL4FAA_NODE_734",5996,567.402541031804,0.000567402541031803,0,0,0,0,0,0,TRUE,"Caudoviricetes",FALSE,"",FALSE,"",FALSE,""
"vOTU0683","Caudoviricetes","Unclassified","Unclassified","Unclassified","Rare","Rare","Not detected","Not detected","Low-quality","virulent",0,"FCH3CGLCCXYL4FAA_NODE_735",5989,536.871511850676,0.000536871511850675,73.5399952859108,7.35399952859108e-05,0,0,0,0,TRUE,"Caudoviricetes",FALSE,"",FALSE,"",FALSE,""
"vOTU0684","Caudoviricetes","Unclassified","Unclassified","Unclassified","Rare","Rare","Not detected","Not detected","Low-quality","virulent",0,"FCH3CGLCCXYL4FAA_NODE_736",5983,864.457300383296,0.000864457300383294,331.262014144064,0.000331262014144063,0,0,0,0,TRUE,"Caudoviricetes",FALSE,"",FALSE,"",FALSE,""
"vOTU0685","Caudoviricetes","Unclassified","Unclassified","Unclassified","Rare","Rare","Not detected","Not detected","Low-quality","virulent",0,"FCH3CGLCCXYL4FAA_NODE_737",5979,506.522833740009,0.000506522833740008,220.989020536208,0.000220989020536208,0,0,0,0,TRUE,"Caudoviricetes",FALSE,"",FALSE,"",FALSE,""
"vOTU0686","Caudoviricetes","Unclassified","Unclassified","Unclassified","Intermediate","Rare","Not detected","Not detected","Low-quality","virulent",0,"FCH3CGLCCXYL4FAA_NODE_738",5978,1592.19424917234,0.00159219424917233,36.8376486755002,3.68376486755002e-05,0,0,0,0,TRUE,"Caudoviricetes",FALSE,"",FALSE,"",FALSE,""
"vOTU0687","Caudoviricetes","Unclassified","Unclassified","Unclassified","Rare","Rare","Not detected","Not detected","Low-quality","virulent",0,"FCH3CGLCCXYL4FAA_NODE_739",5978,527.990405923617,0.000527990405923616,73.6753399524064,7.36753399524063e-05,0,0,0,0,TRUE,"Caudoviricetes",FALSE,"",FALSE,"",FALSE,""
"vOTU0688","Caudoviricetes","Unclassified","Unclassified","Unclassified","Intermediate","Rare","Not detected","Not detected","Low-quality","virulent",0,"FCH3CGLCCXYL4FAA_NODE_740",5976,1201.12718264735,0.00120112718264735,700.150271587959,0.000700150271587958,0,0,0,0,TRUE,"Caudoviricetes",FALSE,"",FALSE,"",FALSE,""
"vOTU0689","Caudoviricetes","Unclassified","Unclassified","Unclassified","Intermediate","Rare","Not detected","Not detected","Low-quality","virulent",0,"FCH3CGLCCXYL4FAA_NODE_741",5975,1015.36944521178,0.00101536944521178,73.7122966720113,7.37122966720113e-05,0,0,0,0,TRUE,"Caudoviricetes",FALSE,"",FALSE,"",FALSE,""
"vOTU0690","Caudoviricetes","Unclassified","Unclassified","Unclassified","Rare","Not detected","Not detected","Not detected","Low-quality","virulent",0,"FCH3CGLCCXYL4FAA_NODE_742",5962,392.519978878974,0.000392519978878974,0,0,0,0,0,0,TRUE,"Caudoviricetes",FALSE,"",FALSE,"",FALSE,""
"vOTU0730","Caudoviricetes","Unclassified","Unclassified","Unclassified","Rare","Rare","Not detected","Not detected","Low-quality","virulent",0,"FCH3CGLCCXYL4FAA_NODE_744",5786,730.746364628273,0.000730746364628272,152.240277565928,0.000152240277565928,0,0,0,0,TRUE,"Caudoviricetes",FALSE,"",FALSE,"",FALSE,""
"vOTU0691","Caudoviricetes","Unclassified","Unclassified","Unclassified","Intermediate","Rare","Not detected","Not detected","Low-quality","virulent",0,"FCH3CGLCCXYL4FAA_NODE_745",5951,2134.76082847175,0.00213476082847174,148.019202466658,0.000148019202466658,0,0,0,0,TRUE,"Caudoviricetes",FALSE,"",FALSE,"",FALSE,""
"vOTU0692","Caudoviricetes","Unclassified","Kyanoviridae","Bellamyvirus","Rare","Rare","Not detected","Not detected","Low-quality","virulent",0,"FCH3CGLCCXYL4FAA_NODE_748",5943,322.630671431842,0.000322630671431842,148.218502493738,0.000148218502493738,0,0,0,0,TRUE,"Caudoviricetes",FALSE,"[Order]_Kyanoviridae",TRUE,"Kyanoviridae",TRUE,"Bellamyvirus"
"vOTU0089","Caudoviricetes","Unclassified","Unclassified","Unclassified","Intermediate","Rare","Not detected","Not detected","Low-quality","virulent",0,"FCH3CGLCCXYL4FAA_NODE_75",18200,1176.6931458756,0.0011766931458756,217.795608500742,0.000217795608500742,0,0,0,0,TRUE,"Caudoviricetes",FALSE,"",FALSE,"",FALSE,""
"vOTU0693","Caudoviricetes","Unclassified","Unclassified","Unclassified","Intermediate","Rare","Not detected","Rare","Low-quality","virulent",0,"FCH3CGLCCXYL4FAA_NODE_750",5938,7158.49518937589,0.00715849518937588,556.287411384329,0.000556287411384329,0,0,359.300032067263,0.000359300032067263,TRUE,"Caudoviricetes",FALSE,"",FALSE,"",FALSE,""
"vOTU0694","Caudoviricetes","Unclassified","Unclassified","Unclassified","Rare","Rare","Not detected","Not detected","Low-quality","virulent",0,"FCH3CGLCCXYL4FAA_NODE_751",5933,455.758625445697,0.000455758625445696,296.936527772176,0.000296936527772176,0,0,0,0,TRUE,"Caudoviricetes",FALSE,"",FALSE,"",FALSE,""
"vOTU0695","Caudoviricetes","Unclassified","Unclassified","Unclassified","Rare","Rare","Not detected","Not detected","Low-quality","virulent",0,"FCH3CGLCCXYL4FAA_NODE_752",5921,974.809418743649,0.000974809418743647,223.153853577643,0.000223153853577643,0,0,0,0,TRUE,"Caudoviricetes",FALSE,"",FALSE,"",FALSE,""
"vOTU0696","Caudoviricetes","Unclassified","Unclassified","Unclassified","Rare","Rare","Not detected","Not detected","Low-quality","virulent",0,"FCH3CGLCCXYL4FAA_NODE_753",5914,450.572597433666,0.000450572597433665,74.4726678649438,7.44726678649438e-05,0,0,0,0,TRUE,"Caudoviricetes",FALSE,"",FALSE,"",FALSE,""
"vOTU0698","Caudoviricetes","Unclassified","Unclassified","Unclassified","Intermediate","Intermediate","Not detected","Not detected","Low-quality","virulent",0,"FCH3CGLCCXYL4FAA_NODE_755",5895,1709.68749239244,0.00170968749239244,1718.39169366965,0.00171839169366965,0,0,0,0,TRUE,"Caudoviricetes",FALSE,"",FALSE,"",FALSE,""
"vOTU0699","Caudoviricetes","Unclassified","Unclassified","Unclassified","Intermediate","Rare","Not detected","Not detected","Low-quality","virulent",0,"FCH3CGLCCXYL4FAA_NODE_756",5894,1543.15024807137,0.00154315024807136,709.890657029429,0.000709890657029428,0,0,0,0,TRUE,"Caudoviricetes",FALSE,"",FALSE,"",FALSE,""
"vOTU0701","Caudoviricetes","Unclassified","Unclassified","Unclassified","Rare","Rare","Not detected","Rare","Low-quality","virulent",0,"FCH3CGLCCXYL4FAA_NODE_757",5890,939.874448226243,0.000939874448226242,672.985144314354,0.000672985144314354,0,0,12.4906247078556,1.24906247078556e-05,TRUE,"Caudoviricetes",FALSE,"",FALSE,"",FALSE,""
"vOTU0702","Caudoviricetes","Unclassified","Unclassified","Unclassified","Rare","Not detected","Not detected","Not detected","Low-quality","virulent",0,"FCH3CGLCCXYL4FAA_NODE_758",5888,728.107115709676,0.000728107115709675,0,0,0,0,0,0,TRUE,"Caudoviricetes",FALSE,"",FALSE,"",FALSE,""
"vOTU0090","Caudoviricetes","Unclassified","Unclassified","Unclassified","Rare","Rare","Not detected","Not detected","Low-quality","virulent",0,"FCH3CGLCCXYL4FAA_NODE_76",18171,880.952138742048,0.000880952138742047,896.810928566313,0.000896810928566313,0,0,0,0,TRUE,"Caudoviricetes",FALSE,"",FALSE,"",FALSE,""
"vOTU0703","Caudoviricetes","Unclassified","Unclassified","Unclassified","Rare","Rare","Not detected","Not detected","Low-quality","virulent",0,"FCH3CGLCCXYL4FAA_NODE_761",5884,676.798035322202,0.000676798035322201,112.278488871001,0.000112278488871001,0,0,0,0,TRUE,"Caudoviricetes",FALSE,"",FALSE,"",FALSE,""
"vOTU0704","Caudoviricetes","Unclassified","Unclassified","Unclassified","Rare","Not detected","Not detected","Not detected","Not-determined","virulent",0,"FCH3CGLCCXYL4FAA_NODE_762",5882,342.693219988953,0.000342693219988953,0,0,0,0,0,0,TRUE,"Caudoviricetes",FALSE,"",FALSE,"",FALSE,""
"vOTU0705","Caudoviricetes","Unclassified","Unclassified","Unclassified","Rare","Not detected","Not detected","Not detected","Low-quality","virulent",0,"FCH3CGLCCXYL4FAA_NODE_763",5881,618.624568437166,0.000618624568437165,0,0,0,0,0,0,TRUE,"Caudoviricetes",FALSE,"",FALSE,"",FALSE,""
"vOTU0706","Caudoviricetes","Unclassified","Unclassified","Unclassified","Intermediate","Rare","Not detected","Not detected","Low-quality","virulent",0,"FCH3CGLCCXYL4FAA_NODE_764",5873,1299.20751498303,0.00129920751498303,149.985099723033,0.000149985099723033,0,0,0,0,TRUE,"Caudoviricetes",FALSE,"",FALSE,"",FALSE,""
"vOTU0707","Caudoviricetes","Unclassified","Unclassified","Unclassified","Rare","Rare","Not detected","Not detected","Low-quality","virulent",0,"FCH3CGLCCXYL4FAA_NODE_765",5872,676.506987865761,0.00067650698786576,375.026566213599,0.000375026566213599,0,0,0,0,TRUE,"Caudoviricetes",FALSE,"",FALSE,"",FALSE,""
"vOTU0709","Caudoviricetes","Unclassified","Unclassified","Unclassified","Rare","Rare","Not detected","Not detected","Low-quality","virulent",0,"FCH3CGLCCXYL4FAA_NODE_766",5866,960.481964749844,0.000960481964749843,75.082038374718,7.5082038374718e-05,0,0,0,0,TRUE,"Caudoviricetes",FALSE,"",FALSE,"",FALSE,""
"vOTU0710","Caudoviricetes","Unclassified","Unclassified","Unclassified","Intermediate","Rare","Not detected","Not detected","Low-quality","virulent",0,"FCH3CGLCCXYL4FAA_NODE_768",5861,3987.80770869779,0.00398780770869779,150.292221778337,0.000150292221778337,0,0,0,0,TRUE,"Caudoviricetes",FALSE,"",FALSE,"",FALSE,""
"vOTU0711","Caudoviricetes","Unclassified","Unclassified","Unclassified","Rare","Rare","Not detected","Not detected","Low-quality","virulent",0,"FCH3CGLCCXYL4FAA_NODE_769",5861,751.59380415599,0.000751593804155989,225.438343317857,0.000225438343317857,0,0,0,0,TRUE,"Caudoviricetes",FALSE,"",FALSE,"",FALSE,""
"vOTU0091","Caudoviricetes","Unclassified","Unclassified","Unclassified","Rare","Rare","Rare","Not detected","Low-quality","virulent",0,"FCH3CGLCCXYL4FAA_NODE_77",18055,563.663361385749,0.000563663361385748,231.741636682201,0.000231741636682201,43.9180522921373,4.39180522921373e-05,0,0,TRUE,"Caudoviricetes",FALSE,"",FALSE,"",FALSE,""
"vOTU0712","Caudoviricetes","Unclassified","Unclassified","Unclassified","Rare","Not detected","Not detected","Not detected","Low-quality","virulent",0,"FCH3CGLCCXYL4FAA_NODE_770",5854,555.970773141514,0.000555970773141513,0,0,0,0,0,0,TRUE,"Caudoviricetes",FALSE,"",FALSE,"",FALSE,""
"vOTU0713","Caudoviricetes","Unclassified","Unclassified","Unclassified","Intermediate","Rare","Not detected","Rare","Low-quality","virulent",0,"FCH3CGLCCXYL4FAA_NODE_771",5852,1110.64164776103,0.00111064164776103,225.784959006486,0.000225784959006486,0,0,75.4304047308526,7.54304047308526e-05,TRUE,"Caudoviricetes",FALSE,"",FALSE,"",FALSE,""
"vOTU0714","Caudoviricetes","Unclassified","Unclassified","Unclassified","Rare","Rare","Not detected","Not detected","Not-determined","virulent",0,"FCH3CGLCCXYL4FAA_NODE_772",5850,618.54139832485,0.000618541398324849,112.931095547607,0.000112931095547607,0,0,0,0,TRUE,"Caudoviricetes",FALSE,"",FALSE,"",FALSE,""
"vOTU0715","Caudoviricetes","Unclassified","Unclassified","Unclassified","Rare","Rare","Not detected","Not detected","Low-quality","virulent",0,"FCH3CGLCCXYL4FAA_NODE_773",5843,553.651693202835,0.000553651693202834,150.755171256086,0.000150755171256086,0,0,0,0,TRUE,"Caudoviricetes",FALSE,"",FALSE,"",FALSE,""
"vOTU0716","Caudoviricetes","Unclassified","Unclassified","Unclassified","Rare","Not detected","Not detected","Not detected","Not-determined","virulent",0,"FCH3CGLCCXYL4FAA_NODE_774",5842,345.039599857871,0.000345039599857871,0,0,0,0,0,0,TRUE,"Caudoviricetes",FALSE,"",FALSE,"",FALSE,""
"vOTU0717","Caudoviricetes","Unclassified","Unclassified","Unclassified","Rare","Rare","Not detected","Not detected","Low-quality","virulent",0,"FCH3CGLCCXYL4FAA_NODE_775",5840,412.505660995106,0.000412505660995106,452.497861835952,0.000452497861835952,0,0,0,0,TRUE,"Caudoviricetes",FALSE,"",FALSE,"",FALSE,""
"vOTU0718","Caudoviricetes","Unclassified","Unclassified","Unclassified","Rare","Rare","Not detected","Not detected","Low-quality","virulent",0,"FCH3CGLCCXYL4FAA_NODE_776",5839,793.157168973303,0.000793157168973302,226.287676896628,0.000226287676896628,0,0,0,0,TRUE,"Caudoviricetes",FALSE,"",FALSE,"",FALSE,""
"vOTU0719","Caudoviricetes","Unclassified","Unclassified","Unclassified","Rare","Intermediate","Not detected","Not detected","Low-quality","virulent",0,"FCH3CGLCCXYL4FAA_NODE_778",5828,679.927268853499,0.000679927268853498,5441.15337694962,0.00544115337694962,0,0,0,0,TRUE,"Caudoviricetes",FALSE,"",FALSE,"",FALSE,""
"vOTU0720","Caudoviricetes","Unclassified","Unclassified","Unclassified","Rare","Not detected","Not detected","Not detected","Low-quality","virulent",0,"FCH3CGLCCXYL4FAA_NODE_779",5820,528.8082293825,0.000528808229382499,0,0,0,0,0,0,TRUE,"Caudoviricetes",FALSE,"[Order]_Inhavirus",FALSE,"[Family]_Inhavirus",FALSE,""
"vOTU0092","Caudoviricetes","Unclassified","Unclassified","Unclassified","Intermediate","Rare","Not detected","Not detected","Low-quality","virulent",0,"FCH3CGLCCXYL4FAA_NODE_78",17996,1654.46157908154,0.00165446157908154,379.344538210554,0.000379344538210554,0,0,0,0,TRUE,"Caudoviricetes",FALSE,"",FALSE,"",FALSE,""
"vOTU0721","Caudoviricetes","Unclassified","Unclassified","Unclassified","Rare","Rare","Not detected","Not detected","Low-quality","virulent",0,"FCH3CGLCCXYL4FAA_NODE_780",5818,750.387717685752,0.000750387717685751,227.104443830671,0.000227104443830671,0,0,0,0,TRUE,"Caudoviricetes",FALSE,"",FALSE,"",FALSE,""
"vOTU0722","Caudoviricetes","Unclassified","Unclassified","Unclassified","Intermediate","Rare","Rare","Rare","Low-quality","virulent",0,"FCH3CGLCCXYL4FAA_NODE_781",5817,1119.01419361803,0.00111901419361803,302.858059288036,0.000302858059288036,81.7885627667122,8.17885627667122e-05,278.242217985562,0.000278242217985562,TRUE,"Caudoviricetes",FALSE,"",FALSE,"",FALSE,""
"vOTU0723","Caudoviricetes","Unclassified","Unclassified","Unclassified","Intermediate","Rare","Not detected","Rare","Low-quality","virulent",0,"FCH3CGLCCXYL4FAA_NODE_783",5807,1464.67409391012,0.00146467409391011,227.534769151793,0.000227534769151793,0,0,405.412632997448,0.000405412632997448,TRUE,"Caudoviricetes",FALSE,"",FALSE,"",FALSE,""
"vOTU0724","Caudoviricetes","Unclassified","Unclassified","Unclassified","Rare","Rare","Not detected","Not detected","Low-quality","virulent",0,"FCH3CGLCCXYL4FAA_NODE_784",5803,437.163298336829,0.000437163298336828,227.691499724043,0.000227691499724043,0,0,0,0,TRUE,"Caudoviricetes",FALSE,"",FALSE,"",FALSE,""
"vOTU0726","Caudoviricetes","Unclassified","Unclassified","Unclassified","Rare","Not detected","Rare","Rare","Low-quality","virulent",0,"FCH3CGLCCXYL4FAA_NODE_785",5792,733.384654813586,0.000733384654813585,0,0,54.7610923477149,5.47610923477149e-05,228.635188947479,0.000228635188947479,TRUE,"Caudoviricetes",FALSE,"",FALSE,"",FALSE,""
"vOTU0727","Caudoviricetes","Unclassified","Autographiviridae","Kajamvirus","Rare","Rare","Not detected","Not detected","Low-quality","virulent",0,"FCH3CGLCCXYL4FAA_NODE_786",5792,485.527869128343,0.000485527869128342,304.165240826201,0.000304165240826201,0,0,0,0,TRUE,"Caudoviricetes",FALSE,"[Order]_Autographiviridae",TRUE,"Autographiviridae",TRUE,"Kajamvirus"
"vOTU0728","Caudoviricetes","Unclassified","Unclassified","Unclassified","Rare","Rare","Not detected","Not detected","Low-quality","virulent",0,"FCH3CGLCCXYL4FAA_NODE_787",5789,635.250441667397,0.000635250441667396,76.0806941412555,7.60806941412555e-05,0,0,0,0,TRUE,"Caudoviricetes",FALSE,"",FALSE,"",FALSE,""
"vOTU0729","Unclassified","Unclassified","Unclassified","Unclassified","Rare","Rare","Not detected","Not detected","Low-quality","virulent",0,"FCH3CGLCCXYL4FAA_NODE_788",5788,567.40687929991,0.000567406879299909,76.0938217644789,7.60938217644788e-05,0,0,0,0,FALSE,,FALSE,,FALSE,,FALSE,
"vOTU0731","Caudoviricetes","Unclassified","Unclassified","Unclassified","Rare","Rare","Not detected","Not detected","Low-quality","virulent",0,"FCH3CGLCCXYL4FAA_NODE_789",5785,564.301829815682,0.000564301829815681,76.1333132677339,7.61333132677339e-05,0,0,0,0,TRUE,"Caudoviricetes",FALSE,"",FALSE,"",FALSE,""
"vOTU0093","Caudoviricetes","Unclassified","Unclassified","Unclassified","Intermediate","Intermediate","Rare","Not detected","Low-quality","virulent",0,"FCH3CGLCCXYL4FAA_NODE_79",17822,3665.64048893504,0.00366564048893503,1445.69851834988,0.00144569851834988,35.5937817679183,3.55937817679183e-05,0,0,TRUE,"Caudoviricetes",FALSE,"",FALSE,"",FALSE,""
"vOTU0732","Caudoviricetes","Unclassified","Unclassified","Unclassified","Rare","Rare","Not detected","Not detected","Low-quality","virulent",0,"FCH3CGLCCXYL4FAA_NODE_792",5776,463.039965048113,0.000463039965048112,381.259897419128,0.000381259897419128,0,0,0,0,TRUE,"Caudoviricetes",FALSE,"",FALSE,"",FALSE,""
"vOTU0733","Caudoviricetes","Unclassified","Unclassified","Unclassified","Intermediate","Rare","Not detected","Not detected","Low-quality","virulent",0,"FCH3CGLCCXYL4FAA_NODE_793",5771,1139.86067441246,0.00113986067441246,190.79497590561,0.00019079497590561,0,0,0,0,TRUE,"Caudoviricetes",FALSE,"",FALSE,"",FALSE,""
"vOTU0735","Caudoviricetes","Unclassified","Unclassified","Unclassified","Rare","Rare","Not detected","Not detected","Low-quality","virulent",0,"FCH3CGLCCXYL4FAA_NODE_794",5762,718.431962909157,0.000718431962909156,305.74877768434,0.00030574877768434,0,0,0,0,TRUE,"Caudoviricetes",FALSE,"",FALSE,"",FALSE,""
"vOTU0736","Caudoviricetes","Unclassified","Unclassified","Unclassified","Rare","Rare","Not detected","Not detected","Low-quality","virulent",0,"FCH3CGLCCXYL4FAA_NODE_795",5753,635.806818559957,0.000635806818559956,76.5567627219463,7.65567627219463e-05,0,0,0,0,TRUE,"Caudoviricetes",FALSE,"",FALSE,"",FALSE,""
"vOTU0737","Caudoviricetes","Unclassified","Unclassified","Unclassified","Rare","Rare","Not detected","Not detected","Low-quality","virulent",0,"FCH3CGLCCXYL4FAA_NODE_796",5750,383.051145480995,0.000383051145480995,76.5967100602444,7.65967100602444e-05,0,0,0,0,TRUE,"Caudoviricetes",FALSE,"",FALSE,"",FALSE,""
"vOTU0738","Caudoviricetes","Unclassified","Pachyviridae","Unclassified","Intermediate","Rare","Not detected","Not detected","Low-quality","virulent",0,"FCH3CGLCCXYL4FAA_NODE_798",5743,2830.15860107592,0.00283015860107591,268.415397749263,0.000268415397749263,0,0,0,0,TRUE,"Caudoviricetes",FALSE,"[Order]_Pachyviridae",TRUE,"Pachyviridae",FALSE,""
"vOTU0739","Caudoviricetes","Unclassified","Unclassified","Unclassified","Rare","Rare","Not detected","Not detected","Low-quality","virulent",0,"FCH3CGLCCXYL4FAA_NODE_799",5742,703.810225734082,0.00070381022573408,230.110418200526,0.000230110418200526,0,0,0,0,TRUE,"Caudoviricetes",FALSE,"",FALSE,"",FALSE,""
"vOTU0020","Caudoviricetes","Unclassified","Unclassified","Unclassified","Intermediate","Rare","Not detected","Not detected","Low-quality","virulent",0,"FCH3CGLCCXYL4FAA_NODE_8",46630,1126.66955904254,0.00112666955904254,155.84638007055,0.00015584638007055,0,0,0,0,TRUE,"Caudoviricetes",FALSE,"",FALSE,"",FALSE,""
"vOTU0094","Caudoviricetes","Unclassified","Unclassified","Unclassified","Rare","Rare","Not detected","Not detected","Low-quality","virulent",0,"FCH3CGLCCXYL4FAA_NODE_80",17796,547.002638200674,0.000547002638200674,197.991098884133,0.000197991098884133,0,0,0,0,TRUE,"Caudoviricetes",FALSE,"",FALSE,"",FALSE,""
"vOTU0740","Caudoviricetes","Unclassified","Unclassified","Unclassified","Rare","Not detected","Not detected","Not detected","Low-quality","virulent",0,"FCH3CGLCCXYL4FAA_NODE_801",5741,717.634224912557,0.000717634224912556,0,0,0,0,0,0,TRUE,"Caudoviricetes",FALSE,"",FALSE,"",FALSE,""
"vOTU0741","Caudoviricetes","Unclassified","Unclassified","Unclassified","Rare","Rare","Not detected","Not detected","Low-quality","virulent",0,"FCH3CGLCCXYL4FAA_NODE_802",5736,608.549504015901,0.0006085495040159,76.7837174516563,7.67837174516563e-05,0,0,0,0,TRUE,"Caudoviricetes",FALSE,"[Order]_Flavobacterium phage 11b",FALSE,"[Family]_Flavobacterium phage 11b",FALSE,""
"vOTU0742","Caudoviricetes","Unclassified","Unclassified","Unclassified","Rare","Not detected","Not detected","Not detected","Low-quality","virulent",0,"FCH3CGLCCXYL4FAA_NODE_803",5731,452.949920419298,0.000452949920419298,0,0,0,0,0,0,TRUE,"Caudoviricetes",FALSE,"",FALSE,"",FALSE,""
"vOTU0743","Caudoviricetes","Unclassified","Unclassified","Unclassified","Rare","Not detected","Not detected","Rare","Low-quality","virulent",0,"FCH3CGLCCXYL4FAA_NODE_804",5725,587.390715854472,0.000587390715854471,0,0,0,0,25.7012275868774,2.57012275868774e-05,TRUE,"Caudoviricetes",FALSE,"",FALSE,"",FALSE,""
"vOTU0744","Caudoviricetes","Unclassified","Unclassified","Unclassified","Rare","Rare","Not detected","Not detected","Low-quality","virulent",0,"FCH3CGLCCXYL4FAA_NODE_805",5724,479.27124762732,0.000479271247627319,76.9446293518936,7.69446293518936e-05,0,0,0,0,TRUE,"Caudoviricetes",FALSE,"",FALSE,"",FALSE,""
"vOTU0745","Caudoviricetes","Unclassified","Unclassified","Unclassified","Intermediate","Rare","Not detected","Not detected","Low-quality","virulent",0,"FCH3CGLCCXYL4FAA_NODE_806",5713,1209.95100426074,0.00120995100426074,269.824929165066,0.000269824929165066,0,0,0,0,TRUE,"Caudoviricetes",FALSE,"",FALSE,"",FALSE,""
"vOTU0746","Caudoviricetes","Unclassified","Unclassified","Unclassified","Rare","Rare","Not detected","Not detected","Low-quality","virulent",0,"FCH3CGLCCXYL4FAA_NODE_807",5710,616.486737025671,0.00061648673702567,231.400016008412,0.000231400016008412,0,0,0,0,TRUE,"Caudoviricetes",FALSE,"",FALSE,"",FALSE,""
"vOTU0747","Caudoviricetes","Unclassified","Unclassified","Unclassified","Rare","Rare","Not detected","Not detected","Low-quality","virulent",0,"FCH3CGLCCXYL4FAA_NODE_808",5706,959.84289711161,0.000959842897111609,77.1873785528353,7.71873785528353e-05,0,0,0,0,TRUE,"Caudoviricetes",FALSE,"",FALSE,"",FALSE,""
"vOTU0748","Caudoviricetes","Unclassified","Unclassified","Unclassified","Rare","Rare","Not detected","Not detected","Low-quality","virulent",0,"FCH3CGLCCXYL4FAA_NODE_809",5705,679.07445162978,0.000679074451629779,270.203208348619,0.000270203208348619,0,0,0,0,TRUE,"Caudoviricetes",FALSE,"",FALSE,"",FALSE,""
"vOTU0280","Caudoviricetes","Unclassified","Unclassified","Unclassified","Intermediate","Rare","Not detected","Not detected","Low-quality","virulent",0,"FCH3CGLCCXYL4FAA_NODE_81",9950,1253.06320269703,0.00125306320269703,154.925550682353,0.000154925550682353,0,0,0,0,TRUE,"Caudoviricetes",FALSE,"",FALSE,"",FALSE,""
"vOTU0749","Caudoviricetes","Unclassified","Unclassified","Unclassified","Intermediate","Rare","Rare","Rare","Low-quality","virulent",0,"FCH3CGLCCXYL4FAA_NODE_811",5703,2984.49165006878,0.00298449165006877,463.368164365702,0.000463368164365701,55.6156570142038,5.56156570142038e-05,77.4011486723869,7.74011486723868e-05,TRUE,"Caudoviricetes",FALSE,"",FALSE,"",FALSE,""
"vOTU0750","Caudoviricetes","Unclassified","Unclassified","Unclassified","Intermediate","Rare","Not detected","Rare","Low-quality","virulent",0,"FCH3CGLCCXYL4FAA_NODE_812",5694,2096.41861573925,0.00209641861573925,154.700104042412,0.000154700104042412,0,0,51.6823187697042,5.16823187697042e-05,TRUE,"Caudoviricetes",FALSE,"",FALSE,"",FALSE,""
"vOTU0751","Caudoviricetes","Unclassified","Unclassified","Unclassified","Rare","Rare","Not detected","Not detected","Low-quality","virulent",0,"FCH3CGLCCXYL4FAA_NODE_813",5694,694.201105688441,0.00069420110568844,154.700104042412,0.000154700104042412,0,0,0,0,TRUE,"Caudoviricetes",FALSE,"",FALSE,"",FALSE,""
"vOTU0752","Caudoviricetes","Unclassified","Unclassified","Unclassified","Rare","Rare","Not detected","Rare","Low-quality","virulent",0,"FCH3CGLCCXYL4FAA_NODE_814",5693,647.689454744993,0.000647689454744993,348.136324511465,0.000348136324511465,0,0,206.765555372516,0.000206765555372516,TRUE,"Caudoviricetes",FALSE,"",FALSE,"",FALSE,""
"vOTU0753","Caudoviricetes","Unclassified","Unclassified","Unclassified","Intermediate","Rare","Not detected","Rare","Low-quality","virulent",0,"FCH3CGLCCXYL4FAA_NODE_815",5692,2264.71952183973,0.00226471952183973,309.508948173344,0.000309508948173344,0,0,25.8502181222597,2.58502181222597e-05,TRUE,"Caudoviricetes",FALSE,"",FALSE,"",FALSE,""
"vOTU0754","Caudoviricetes","Unclassified","Unclassified","Unclassified","Intermediate","Intermediate","Not detected","Rare","Low-quality","virulent",0,"FCH3CGLCCXYL4FAA_NODE_816",5688,3379.58947099956,0.00337958947099956,1664.78084906361,0.00166478084906361,0,0,530.302568806618,0.000530302568806617,TRUE,"Caudoviricetes",FALSE,"",FALSE,"",FALSE,""
"vOTU0755","Caudoviricetes","Unclassified","Unclassified","Unclassified","Rare","Not detected","Not detected","Not detected","Low-quality","virulent",0,"FCH3CGLCCXYL4FAA_NODE_817",5687,674.308037207464,0.000674308037207463,0,0,0,0,0,0,TRUE,"Caudoviricetes",FALSE,"",FALSE,"",FALSE,""
"vOTU0756","Caudoviricetes","Unclassified","Unclassified","Unclassified","Rare","Not detected","Not detected","Not detected","Low-quality","virulent",0,"FCH3CGLCCXYL4FAA_NODE_818",5677,743.045067089876,0.000743045067089875,0,0,0,0,0,0,TRUE,"Caudoviricetes",FALSE,"",FALSE,"",FALSE,""
"vOTU0757","Caudoviricetes","Unclassified","Unclassified","Unclassified","Rare","Rare","Not detected","Not detected","Low-quality","virulent",0,"FCH3CGLCCXYL4FAA_NODE_821",5668,435.43240126738,0.000435432401267379,77.7049068217331,7.77049068217331e-05,0,0,0,0,TRUE,"Caudoviricetes",FALSE,"",FALSE,"",FALSE,""
"vOTU0759","Caudoviricetes","Unclassified","Unclassified","Unclassified","Rare","Rare","Not detected","Rare","Low-quality","virulent",0,"FCH3CGLCCXYL4FAA_NODE_822",5666,747.958479292835,0.000747958479292834,388.661636083154,0.000388661636083154,0,0,12.9844291802828,1.29844291802828e-05,TRUE,"Caudoviricetes",FALSE,"",FALSE,"",FALSE,""
"vOTU0760","Caudoviricetes","Unclassified","Unclassified","Unclassified","Rare","Rare","Not detected","Not detected","Low-quality","virulent",0,"FCH3CGLCCXYL4FAA_NODE_823",5662,941.252747162472,0.00094125274716247,350.042609620586,0.000350042609620586,0,0,0,0,TRUE,"Caudoviricetes",FALSE,"",FALSE,"",FALSE,""
"vOTU0761","Caudoviricetes","Unclassified","Unclassified","Unclassified","Rare","Not detected","Not detected","Not detected","Low-quality","virulent",0,"FCH3CGLCCXYL4FAA_NODE_824",5660,444.73376792912,0.000444733767929119,0,0,0,0,0,0,TRUE,"Caudoviricetes",FALSE,"",FALSE,"",FALSE,""
"vOTU0762","Caudoviricetes","Unclassified","Unclassified","Unclassified","Rare","Rare","Not detected","Not detected","Low-quality","virulent",0,"FCH3CGLCCXYL4FAA_NODE_825",5656,399.848152602274,0.000399848152602273,155.739407940374,0.000155739407940374,0,0,0,0,TRUE,"Caudoviricetes",FALSE,"",FALSE,"",FALSE,""
"vOTU0763","Caudoviricetes","Unclassified","Pachyviridae","Unclassified","Intermediate","Rare","Not detected","Not detected","Low-quality","virulent",0,"FCH3CGLCCXYL4FAA_NODE_826",5649,1505.64028773367,0.00150564028773367,155.932466861492,0.000155932466861492,0,0,0,0,TRUE,"Caudoviricetes",FALSE,"[Order]_Pachyviridae",TRUE,"Pachyviridae",FALSE,""
"vOTU0764","Caudoviricetes","Unclassified","Unclassified","Unclassified","Rare","Rare","Not detected","Not detected","Low-quality","virulent",0,"FCH3CGLCCXYL4FAA_NODE_828",5632,534.239117875054,0.000534239117875054,117.302374683746,0.000117302374683746,0,0,0,0,TRUE,"Caudoviricetes",FALSE,"[Order]_Inhavirus",FALSE,"[Family]_Inhavirus",FALSE,""
"vOTU0765","Caudoviricetes","Unclassified","Unclassified","Unclassified","Rare","Not detected","Not detected","Not detected","Low-quality","virulent",0,"FCH3CGLCCXYL4FAA_NODE_829",5631,557.034343909208,0.000557034343909207,0,0,0,0,0,0,TRUE,"Caudoviricetes",FALSE,"",FALSE,"",FALSE,""
"vOTU0096","Caudoviricetes","Unclassified","Unclassified","Unclassified","Rare","Rare","Not detected","Not detected","Low-quality","virulent",0,"FCH3CGLCCXYL4FAA_NODE_83",17303,807.512905598961,0.00080751290559896,76.3621552397246,7.63621552397246e-05,0,0,0,0,TRUE,"Caudoviricetes",FALSE,"",FALSE,"",FALSE,""
"vOTU0766","Caudoviricetes","Unclassified","Unclassified","Unclassified","Rare","Rare","Not detected","Not detected","Low-quality","temperate",0,"FCH3CGLCCXYL4FAA_NODE_830",5629,522.2956500632,0.0005222956500632,117.364928458077,0.000117364928458077,0,0,0,0,TRUE,"Caudoviricetes",FALSE,"",FALSE,"",FALSE,""
"vOTU0767","Caudoviricetes","Unclassified","Autographiviridae","Unclassified","Intermediate","Rare","Not detected","Not detected","Low-quality","virulent",0,"FCH3CGLCCXYL4FAA_NODE_831",5627,1632.10020382636,0.00163210020382635,391.355259075132,0.000391355259075132,0,0,0,0,TRUE,"Caudoviricetes",FALSE,"[Order]_Autographiviridae",TRUE,"Autographiviridae",FALSE,""
"vOTU0768","Caudoviricetes","Unclassified","Unclassified","Unclassified","Rare","Rare","Rare","Rare","Low-quality","virulent",0,"FCH3CGLCCXYL4FAA_NODE_832",5627,587.136459787773,0.000587136459787773,156.542176052443,0.000156542176052443,56.366843171035,5.6366843171035e-05,183.041802802355,0.000183041802802355,TRUE,"Caudoviricetes",FALSE,"",FALSE,"",FALSE,""
"vOTU0769","Caudoviricetes","Unclassified","Unclassified","Unclassified","Rare","Rare","Not detected","Rare","Low-quality","virulent",0,"FCH3CGLCCXYL4FAA_NODE_833",5621,816.920979275119,0.000816920979275118,313.41847919138,0.00031341847919138,0,0,78.5302689002978,7.85302689002978e-05,TRUE,"Caudoviricetes",FALSE,"",FALSE,"",FALSE,""
"vOTU0770","Caudoviricetes","Unclassified","Unclassified","Unclassified","Intermediate","Rare","Not detected","Not detected","Low-quality","virulent",0,"FCH3CGLCCXYL4FAA_NODE_834",5612,2011.41147457967,0.00201141147457966,588.60196229354,0.00058860196229354,0,0,0,0,TRUE,"Caudoviricetes",FALSE,"",FALSE,"",FALSE,""
"vOTU0771","Caudoviricetes","Unclassified","Unclassified","Unclassified","Rare","Rare","Not detected","Not detected","Low-quality","virulent",0,"FCH3CGLCCXYL4FAA_NODE_835",5612,534.390957258777,0.000534390957258777,235.44088716079,0.00023544088716079,0,0,0,0,TRUE,"Caudoviricetes",FALSE,"",FALSE,"",FALSE,""
"vOTU0773","Caudoviricetes","Unclassified","Unclassified","Unclassified","Intermediate","Not detected","Not detected","Not detected","Low-quality","virulent",0,"FCH3CGLCCXYL4FAA_NODE_836",5603,1096.82227447065,0.00109682227447065,0,0,0,0,0,0,TRUE,"Caudoviricetes",FALSE,"",FALSE,"",FALSE,""
"vOTU0775","Caudoviricetes","Unclassified","Unclassified","Unclassified","Rare","Rare","Rare","Not detected","Low-quality","virulent",0,"FCH3CGLCCXYL4FAA_NODE_838",5597,989.076041110636,0.000989076041110634,472.143329754043,0.000472143329754043,56.6689478749346,5.66689478749346e-05,0,0,TRUE,"Caudoviricetes",FALSE,"",FALSE,"",FALSE,""
"vOTU0776","Caudoviricetes","Unclassified","Unclassified","Unclassified","Intermediate","Rare","Rare","Rare","Low-quality","virulent",0,"FCH3CGLCCXYL4FAA_NODE_839",5596,1374.06013670051,0.00137406013670051,196.761571188614,0.000196761571188614,56.6790537378895,5.66790537378895e-05,26.2936856394926,2.62936856394926e-05,TRUE,"Caudoviricetes",FALSE,"",FALSE,"",FALSE,""
"vOTU0777","Caudoviricetes","Unclassified","Unclassified","Unclassified","Rare","Rare","Not detected","Not detected","Low-quality","virulent",0,"FCH3CGLCCXYL4FAA_NODE_841",5595,868.167694062523,0.000868167694062521,275.51541195611,0.00027551541195611,0,0,0,0,TRUE,"Caudoviricetes",FALSE,"",FALSE,"",FALSE,""
"vOTU0778","Caudoviricetes","Unclassified","Unclassified","Unclassified","Rare","Rare","Rare","Not detected","Low-quality","virulent",0,"FCH3CGLCCXYL4FAA_NODE_842",5595,572.920458538138,0.000572920458538138,39.3593323933283,3.93593323933283e-05,113.37838449295,0.00011337838449295,0,0,TRUE,"Caudoviricetes",FALSE,"",FALSE,"",FALSE,""
"vOTU0779","Caudoviricetes","Unclassified","Unclassified","Unclassified","Rare","Rare","Not detected","Not detected","Low-quality","virulent",0,"FCH3CGLCCXYL4FAA_NODE_843",5586,522.796012963691,0.00052279601296369,78.8455253831703,7.88455253831703e-05,0,0,0,0,TRUE,"Caudoviricetes",FALSE,"",FALSE,"",FALSE,""
"vOTU0780","Caudoviricetes","Unclassified","Unclassified","Unclassified","Rare","Not detected","Not detected","Not detected","Low-quality","virulent",0,"FCH3CGLCCXYL4FAA_NODE_844",5581,657.16356117603,0.000657163561176029,0,0,0,0,0,0,TRUE,"Caudoviricetes",FALSE,"",FALSE,"",FALSE,""
"vOTU0781","Caudoviricetes","Unclassified","Unclassified","Unclassified","Intermediate","Rare","Not detected","Not detected","Low-quality","virulent",0,"FCH3CGLCCXYL4FAA_NODE_845",5578,1121.12808066578,0.00112112808066577,236.875958119421,0.000236875958119421,0,0,0,0,TRUE,"Caudoviricetes",FALSE,"",FALSE,"",FALSE,""
"vOTU0782","Caudoviricetes","Unclassified","Unclassified","Unclassified","Intermediate","Rare","Not detected","Not detected","Low-quality","virulent",0,"FCH3CGLCCXYL4FAA_NODE_846",5576,1444.23509872936,0.00144423509872936,157.97395818254,0.00015797395818254,0,0,0,0,TRUE,"Caudoviricetes",FALSE,"",FALSE,"",FALSE,""
"vOTU0783","Caudoviricetes","Unclassified","Unclassified","Unclassified","Rare","Rare","Not detected","Not detected","Low-quality","virulent",0,"FCH3CGLCCXYL4FAA_NODE_849",5571,841.902428783235,0.000841902428783234,316.231428721242,0.000316231428721241,0,0,0,0,TRUE,"Caudoviricetes",FALSE,"",FALSE,"",FALSE,""
"vOTU0097","Caudoviricetes","Unclassified","Unclassified","Unclassified","Intermediate","Rare","Rare","Not detected","Low-quality","virulent",0,"FCH3CGLCCXYL4FAA_NODE_85",17174,1422.18734909944,0.00142218734909944,359.033231619189,0.000359033231619189,18.4684002789652,1.84684002789652e-05,0,0,TRUE,"Caudoviricetes",FALSE,"",FALSE,"",FALSE,""
"vOTU0784","Caudoviricetes","Unclassified","Unclassified","Unclassified","Rare","Rare","Not detected","Not detected","Low-quality","virulent",0,"FCH3CGLCCXYL4FAA_NODE_850",5571,698.938134935628,0.000698938134935627,79.0578571803104,7.90578571803104e-05,0,0,0,0,TRUE,"Caudoviricetes",FALSE,"",FALSE,"",FALSE,""
"vOTU0785","Caudoviricetes","Unclassified","Unclassified","Unclassified","Rare","Rare","Not detected","Not detected","Low-quality","virulent",0,"FCH3CGLCCXYL4FAA_NODE_851",5570,697.298389433076,0.000697298389433075,79.0720349281888,7.90720349281888e-05,0,0,0,0,TRUE,"Caudoviricetes",FALSE,"",FALSE,"",FALSE,""
"vOTU0786","Caudoviricetes","Unclassified","Unclassified","Unclassified","Intermediate","Rare","Not detected","Not detected","Low-quality","virulent",0,"FCH3CGLCCXYL4FAA_NODE_852",5566,1300.2033033076,0.0013002033033076,79.1288311225142,7.91288311225142e-05,0,0,0,0,TRUE,"Caudoviricetes",FALSE,"",FALSE,"",FALSE,""
"vOTU0787","Caudoviricetes","Unclassified","Unclassified","Unclassified","Rare","Rare","Not detected","Not detected","Low-quality","virulent",0,"FCH3CGLCCXYL4FAA_NODE_853",5566,445.17845239419,0.000445178452394189,237.386610521409,0.000237386610521409,0,0,0,0,TRUE,"Caudoviricetes",FALSE,"",FALSE,"",FALSE,""
"vOTU0788","Caudoviricetes","Unclassified","Unclassified","Unclassified","Rare","Rare","Not detected","Not detected","Low-quality","virulent",0,"FCH3CGLCCXYL4FAA_NODE_854",5563,555.005568408675,0.000555005568408674,158.343048242843,0.000158343048242843,0,0,0,0,TRUE,"Caudoviricetes",FALSE,"",FALSE,"",FALSE,""
"vOTU0789","Caudoviricetes","Unclassified","Unclassified","Inhavirus","Intermediate","Rare","Not detected","Not detected","Low-quality","virulent",0,"FCH3CGLCCXYL4FAA_NODE_855",5562,1734.26270264014,0.00173426270264014,158.371567754013,0.000158371567754013,0,0,0,0,TRUE,"Caudoviricetes",FALSE,"[Order]_Inhavirus",FALSE,"[Family]_Inhavirus",TRUE,"Inhavirus"
"vOTU0790","Caudoviricetes","Unclassified","Unclassified","Unclassified","Rare","Rare","Not detected","Rare","Low-quality","virulent",0,"FCH3CGLCCXYL4FAA_NODE_856",5560,979.74152624563,0.000979741526245628,396.071149503753,0.000396071149503753,0,0,132.319725312545,0.000132319725312545,TRUE,"Caudoviricetes",FALSE,"",FALSE,"",FALSE,""
"vOTU0791","Caudoviricetes","Unclassified","Unclassified","Unclassified","Intermediate","Rare","Not detected","Not detected","Low-quality","virulent",0,"FCH3CGLCCXYL4FAA_NODE_857",5557,1054.58743683013,0.00105458743683013,475.542006013413,0.000475542006013412,0,0,0,0,TRUE,"Caudoviricetes",FALSE,"",FALSE,"",FALSE,""
"vOTU0792","Caudoviricetes","Unclassified","Unclassified","Unclassified","Rare","Not detected","Not detected","Not detected","Low-quality","virulent",0,"FCH3CGLCCXYL4FAA_NODE_858",5557,452.97714844454,0.00045297714844454,0,0,0,0,0,0,TRUE,"Caudoviricetes",FALSE,"",FALSE,"",FALSE,""
"vOTU0098","Caudoviricetes","Unclassified","Unclassified","Unclassified","Intermediate","Intermediate","Not detected","Not detected","Not-determined","virulent",0,"FCH3CGLCCXYL4FAA_NODE_86",17064,2602.83095546838,0.00260283095546837,1419.58029932519,0.00141958029932519,0,0,0,0,TRUE,"Caudoviricetes",FALSE,"",FALSE,"",FALSE,""
"vOTU0794","Caudoviricetes","Unclassified","Unclassified","Unclassified","Rare","Not detected","Not detected","Intermediate","Low-quality","virulent",0,"FCH3CGLCCXYL4FAA_NODE_861",5549,418.190110472729,0.000418190110472728,0,0,0,0,1909.18105432954,0.00190918105432954,TRUE,"Caudoviricetes",FALSE,"",FALSE,"",FALSE,""
"vOTU0795","Caudoviricetes","Unclassified","Unclassified","Unclassified","Rare","Rare","Not detected","Not detected","Low-quality","virulent",0,"FCH3CGLCCXYL4FAA_NODE_862",5546,581.528229606163,0.000581528229606163,79.4142179405356,7.94142179405356e-05,0,0,0,0,TRUE,"Caudoviricetes",FALSE,"",FALSE,"",FALSE,""
"vOTU0796","Caudoviricetes","Unclassified","Unclassified","Unclassified","Rare","Rare","Not detected","Not detected","Low-quality","virulent",0,"FCH3CGLCCXYL4FAA_NODE_863",5545,602.912056437486,0.000602912056437485,79.4285320129129,7.94285320129129e-05,0,0,0,0,TRUE,"Caudoviricetes",FALSE,"[Order]_Pelagibacter phage HTVC010P",FALSE,"[Family]_Pelagibacter phage HTVC010P",FALSE,"[Genus]_Pelagibacter phage HTVC010P"
"vOTU0798","Caudoviricetes","Unclassified","Unclassified","Unclassified","Intermediate","Rare","Not detected","Not detected","Low-quality","virulent",0,"FCH3CGLCCXYL4FAA_NODE_864",5543,1289.63305314558,0.00128963305314557,158.914426818849,0.000158914426818849,0,0,0,0,TRUE,"Caudoviricetes",FALSE,"",FALSE,"",FALSE,""
"vOTU0799","Caudoviricetes","Unclassified","Unclassified","Unclassified","Rare","Rare","Not detected","Not detected","Low-quality","virulent",0,"FCH3CGLCCXYL4FAA_NODE_865",5537,447.509852055558,0.000447509852055557,79.5433002003662,7.95433002003661e-05,0,0,0,0,TRUE,"Caudoviricetes",FALSE,"",FALSE,"",FALSE,""
"vOTU0800","Caudoviricetes","Unclassified","Unclassified","Unclassified","Intermediate","Rare","Not detected","Not detected","Not-determined","virulent",0,"FCH3CGLCCXYL4FAA_NODE_866",5534,1025.21146554024,0.00102521146554024,238.759323672176,0.000238759323672176,0,0,0,0,TRUE,"Caudoviricetes",FALSE,"",FALSE,"",FALSE,""
"vOTU0801","Caudoviricetes","Unclassified","Unclassified","Unclassified","Rare","Rare","Not detected","Not detected","Low-quality","virulent",0,"FCH3CGLCCXYL4FAA_NODE_868",5531,622.216079189279,0.000622216079189278,398.14803194274,0.000398148031942739,0,0,0,0,TRUE,"Caudoviricetes",FALSE,"",FALSE,"",FALSE,""
"vOTU0099","Caudoviricetes","Unclassified","Unclassified","Unclassified","Rare","Rare","Not detected","Not detected","Low-quality","virulent",0,"FCH3CGLCCXYL4FAA_NODE_87",17034,528.756313975216,0.000528756313975215,77.5680072039227,7.75680072039227e-05,0,0,0,0,TRUE,"Caudoviricetes",FALSE,"",FALSE,"",FALSE,""
"vOTU0802","Caudoviricetes","Unclassified","Straboviridae","Unclassified","Rare","Not detected","Not detected","Not detected","Low-quality","virulent",0,"FCH3CGLCCXYL4FAA_NODE_871",5528,713.268800685931,0.00071326880068593,0,0,0,0,0,0,TRUE,"Caudoviricetes",FALSE,"[Order]_Straboviridae",TRUE,"Straboviridae",FALSE,""
"vOTU0803","Caudoviricetes","Unclassified","Unclassified","Unclassified","Rare","Rare","Not detected","Not detected","Low-quality","virulent",0,"FCH3CGLCCXYL4FAA_NODE_872",5524,564.264151597653,0.000564264151597652,79.7305120785263,7.97305120785263e-05,0,0,0,0,TRUE,"Caudoviricetes",FALSE,"",FALSE,"",FALSE,""
"vOTU0804","Caudoviricetes","Unclassified","Unclassified","Unclassified","Rare","Rare","Not detected","Not detected","Low-quality","virulent",0,"FCH3CGLCCXYL4FAA_NODE_873",5521,831.717589401047,0.000831717589401045,319.095137826215,0.000319095137826215,0,0,0,0,TRUE,"Caudoviricetes",FALSE,"",FALSE,"",FALSE,""
"vOTU0805","Caudoviricetes","Unclassified","Unclassified","Unclassified","Intermediate","Rare","Not detected","Not detected","Low-quality","virulent",0,"FCH3CGLCCXYL4FAA_NODE_874",5519,1849.32699508732,0.00184932699508731,558.619135433318,0.000558619135433318,0,0,0,0,TRUE,"Caudoviricetes",FALSE,"",FALSE,"",FALSE,""
"vOTU0806","Caudoviricetes","Unclassified","Unclassified","Unclassified","Intermediate","Rare","Not detected","Not detected","Low-quality","virulent",0,"FCH3CGLCCXYL4FAA_NODE_875",5519,1362.94314491542,0.00136294314491542,159.605485524408,0.000159605485524408,0,0,0,0,TRUE,"Caudoviricetes",FALSE,"",FALSE,"",FALSE,""
"vOTU0807","Caudoviricetes","Unclassified","Unclassified","Unclassified","Rare","Not detected","Not detected","Not detected","Low-quality","virulent",0,"FCH3CGLCCXYL4FAA_NODE_876",5519,587.936642554246,0.000587936642554245,0,0,0,0,0,0,TRUE,"Caudoviricetes",FALSE,"",FALSE,"",FALSE,""
"vOTU0808","Caudoviricetes","Unclassified","Unclassified","Unclassified","Rare","Rare","Not detected","Not detected","Not-determined","virulent",0,"FCH3CGLCCXYL4FAA_NODE_877",5519,359.888221264411,0.00035988822126441,239.40821976633,0.00023940821976633,0,0,0,0,TRUE,"Caudoviricetes",FALSE,"",FALSE,"",FALSE,""
"vOTU0809","Caudoviricetes","Unclassified","Unclassified","Unclassified","Intermediate","Rare","Rare","Not detected","Low-quality","virulent",0,"FCH3CGLCCXYL4FAA_NODE_879",5516,1053.51279269301,0.00105351279269301,79.8460896926914,7.98460896926914e-05,143.752717584259,0.000143752717584259,0,0,TRUE,"Caudoviricetes",FALSE,"",FALSE,"",FALSE,""
"vOTU0100","Caudoviricetes","Unclassified","Unclassified","Unclassified","Rare","Rare","Not detected","Not detected","Low-quality","virulent",0,"FCH3CGLCCXYL4FAA_NODE_88",16800,628.010687121139,0.000628010687121138,78.6484640599696,7.86484640599696e-05,0,0,0,0,TRUE,"Caudoviricetes",FALSE,"",FALSE,"",FALSE,""
"vOTU0810","Caudoviricetes","Unclassified","Unclassified","Unclassified","Intermediate","Not detected","Not detected","Not detected","Low-quality","virulent",0,"FCH3CGLCCXYL4FAA_NODE_880",5514,1355.2629722672,0.0013552629722672,0,0,0,0,0,0,TRUE,"Caudoviricetes",FALSE,"",FALSE,"",FALSE,""
"vOTU0811","Caudoviricetes","Unclassified","Unclassified","Unclassified","Rare","Rare","Not detected","Rare","Low-quality","virulent",0,"FCH3CGLCCXYL4FAA_NODE_883",5506,671.472823205786,0.000671472823205785,399.955694797238,0.000399955694797238,0,0,133.617472576976,0.000133617472576976,TRUE,"Caudoviricetes",FALSE,"",FALSE,"",FALSE,""
"vOTU0812","Caudoviricetes","Unclassified","Unclassified","Unclassified","Rare","Not detected","Not detected","Not detected","Low-quality","virulent",0,"FCH3CGLCCXYL4FAA_NODE_884",5506,428.599461221506,0.000428599461221505,0,0,0,0,0,0,TRUE,"Caudoviricetes",FALSE,"",FALSE,"",FALSE,""
"vOTU0813","Caudoviricetes","Unclassified","Kyanoviridae","Unclassified","Rare","Not detected","Not detected","Not detected","Low-quality","virulent",0,"FCH3CGLCCXYL4FAA_NODE_885",5505,491.193072035306,0.000491193072035305,0,0,0,0,0,0,TRUE,"Caudoviricetes",FALSE,"[Order]_Kyanoviridae",TRUE,"Kyanoviridae",FALSE,""
"vOTU0814","Caudoviricetes","Unclassified","Unclassified","Unclassified","Intermediate","Rare","Not detected","Rare","Low-quality","virulent",0,"FCH3CGLCCXYL4FAA_NODE_887",5499,1872.14556627691,0.00187214556627691,320.371859359172,0.000320371859359172,0,0,240.817641504987,0.000240817641504987,TRUE,"Caudoviricetes",FALSE,"",FALSE,"",FALSE,""
"vOTU0815","Caudoviricetes","Unclassified","Unclassified","Unclassified","Intermediate","Rare","Not detected","Not detected","Low-quality","virulent",0,"FCH3CGLCCXYL4FAA_NODE_888",5493,1308.53215489522,0.00130853215489522,80.1804681274802,8.01804681274801e-05,0,0,0,0,TRUE,"Caudoviricetes",FALSE,"",FALSE,"",FALSE,""
"vOTU0816","Caudoviricetes","Unclassified","Unclassified","Unclassified","Rare","Rare","Not detected","Not detected","Low-quality","virulent",0,"FCH3CGLCCXYL4FAA_NODE_889",5492,794.930633800526,0.000794930633800525,200.487605171083,0.000200487605171083,0,0,0,0,TRUE,"Caudoviricetes",FALSE,"",FALSE,"",FALSE,""
"vOTU0817","Caudoviricetes","Unclassified","Unclassified","Unclassified","Rare","Rare","Not detected","Rare","Low-quality","virulent",0,"FCH3CGLCCXYL4FAA_NODE_890",5492,590.826815941382,0.000590826815941381,240.585113424878,0.000240585113424878,0,0,13.3958069515573,1.33958069515573e-05,TRUE,"Caudoviricetes",FALSE,"",FALSE,"",FALSE,""
"vOTU0818","Caudoviricetes","Unclassified","Unclassified","Unclassified","Rare","Rare","Not detected","Not detected","Low-quality","virulent",0,"FCH3CGLCCXYL4FAA_NODE_891",5489,419.178756234342,0.000419178756234342,80.2389172563539,8.02389172563539e-05,0,0,0,0,TRUE,"Caudoviricetes",FALSE,"",FALSE,"",FALSE,""
"vOTU0819","Caudoviricetes","Unclassified","Unclassified","Unclassified","Rare","Rare","Not detected","Rare","Low-quality","virulent",0,"FCH3CGLCCXYL4FAA_NODE_892",5483,959.427789568326,0.000959427789568325,722.93989366596,0.00072293989366596,0,0,80.5067173776661,8.05067173776661e-05,TRUE,"Caudoviricetes",FALSE,"",FALSE,"",FALSE,""
"vOTU0820","Caudoviricetes","Unclassified","Unclassified","Unclassified","Rare","Not detected","Not detected","Not detected","Low-quality","virulent",0,"FCH3CGLCCXYL4FAA_NODE_893",5479,617.353288103672,0.000617353288103671,0,0,0,0,0,0,TRUE,"Caudoviricetes",FALSE,"[Order]_Puniceispirillum phage HMO-2011",FALSE,"[Family]_Puniceispirillum phage HMO-2011",FALSE,"[Genus]_Puniceispirillum phage HMO-2011"
"vOTU0821","Caudoviricetes","Unclassified","Unclassified","Unclassified","Rare","Not detected","Not detected","Not detected","Low-quality","virulent",0,"FCH3CGLCCXYL4FAA_NODE_895",5478,450.534799373977,0.000450534799373976,0,0,0,0,0,0,TRUE,"Caudoviricetes",FALSE,"",FALSE,"",FALSE,""
"vOTU0822","Caudoviricetes","Unclassified","Unclassified","Unclassified","Rare","Not detected","Not detected","Not detected","Low-quality","virulent",0,"FCH3CGLCCXYL4FAA_NODE_896",5477,657.075213903985,0.000657075213903984,0,0,0,0,0,0,TRUE,"Caudoviricetes",FALSE,"[Order]_Inhavirus",FALSE,"[Family]_Inhavirus",FALSE,""
"vOTU0823","Caudoviricetes","Unclassified","Pachyviridae","Unclassified","Intermediate","Rare","Not detected","Rare","Low-quality","virulent",0,"FCH3CGLCCXYL4FAA_NODE_898",5474,1882.49188031232,0.00188249188031232,241.376379157358,0.000241376379157358,0,0,26.8797161702793,2.68797161702793e-05,TRUE,"Caudoviricetes",FALSE,"[Order]_Pachyviridae",TRUE,"Pachyviridae",FALSE,""
"vOTU0102","Caudoviricetes","Unclassified","Unclassified","Unclassified","Intermediate","Intermediate","Rare","Rare","Low-quality","virulent",0,"FCH3CGLCCXYL4FAA_NODE_90",16688,3190.58958522027,0.00319058958522026,1055.68418112638,0.00105568418112638,19.0062452009033,1.90062452009033e-05,132.256268806623,0.000132256268806623,TRUE,"Caudoviricetes",FALSE,"",FALSE,"",FALSE,""
"vOTU0824","Caudoviricetes","Unclassified","Unclassified","Unclassified","Rare","Rare","Rare","Rare","Low-quality","virulent",0,"FCH3CGLCCXYL4FAA_NODE_900",5472,903.854670998921,0.00090385467099892,160.976377465073,0.000160976377465073,115.926910516401,0.000115926910516401,80.6685679949354,8.06685679949354e-05,TRUE,"Caudoviricetes",FALSE,"",FALSE,"",FALSE,""
"vOTU0826","Caudoviricetes","Unclassified","Unclassified","Unclassified","Rare","Rare","Not detected","Not detected","Low-quality","virulent",0,"FCH3CGLCCXYL4FAA_NODE_901",5463,592.16314632814,0.000592163146328139,201.551969346057,0.000201551969346057,0,0,0,0,TRUE,"Caudoviricetes",FALSE,"",FALSE,"",FALSE,""
"vOTU0827","Caudoviricetes","Unclassified","Unclassified","Unclassified","Rare","Rare","Not detected","Not detected","Low-quality","virulent",0,"FCH3CGLCCXYL4FAA_NODE_902",5461,752.628804671845,0.000752628804671844,403.251360857178,0.000403251360857178,0,0,0,0,TRUE,"Caudoviricetes",FALSE,"",FALSE,"",FALSE,""
"vOTU0828","Unclassified","Unclassified","Unclassified","Unclassified","Rare","Rare","Not detected","Rare","Low-quality","virulent",0,"FCH3CGLCCXYL4FAA_NODE_903",5456,735.296536758568,0.000735296536758567,161.448358440869,0.000161448358440869,0,0,26.9683789405233,2.69683789405233e-05,FALSE,,FALSE,,FALSE,,FALSE,
"vOTU0829","Caudoviricetes","Unclassified","Unclassified","Unclassified","Intermediate","Rare","Not detected","Not detected","Low-quality","virulent",0,"FCH3CGLCCXYL4FAA_NODE_904",5455,1027.44114360026,0.00102744114360026,282.586478507659,0.000282586478507659,0,0,0,0,TRUE,"Caudoviricetes",FALSE,"",FALSE,"",FALSE,""
"vOTU0830","Caudoviricetes","Unclassified","Autographiviridae","Unclassified","Rare","Rare","Not detected","Not detected","Low-quality","virulent",0,"FCH3CGLCCXYL4FAA_NODE_905",5451,822.555886210333,0.000822555886210332,605.986807909063,0.000605986807909063,0,0,0,0,TRUE,"Caudoviricetes",FALSE,"[Order]_Autographiviridae",TRUE,"Autographiviridae",FALSE,""
"vOTU0831","Caudoviricetes","Unclassified","Unclassified","Unclassified","Intermediate","Rare","Not detected","Rare","Low-quality","virulent",0,"FCH3CGLCCXYL4FAA_NODE_907",5448,1174.95352433327,0.00117495352433327,606.320398217843,0.000606320398217843,0,0,607.679515081996,0.000607679515081995,TRUE,"Caudoviricetes",FALSE,"",FALSE,"",FALSE,""
"vOTU0832","Caudoviricetes","Unclassified","Unclassified","Unclassified","Intermediate","Intermediate","Not detected","Rare","Low-quality","virulent",0,"FCH3CGLCCXYL4FAA_NODE_908",5447,3834.19227156739,0.00383419227156739,1617.15192346628,0.00161715192346628,0,0,162.077614718607,0.000162077614718607,TRUE,"Caudoviricetes",FALSE,"",FALSE,"",FALSE,""
"vOTU0833","Unclassified","Unclassified","Unclassified","Unclassified","Intermediate","Intermediate","Not detected","Not detected","Low-quality","virulent",0,"FCH3CGLCCXYL4FAA_NODE_909",5445,1578.30220389909,0.00157830220389909,1011.09062699903,0.00101109062699903,0,0,0,0,FALSE,,FALSE,,FALSE,,FALSE,
"vOTU0104","Caudoviricetes","Unclassified","Unclassified","Unclassified","Rare","Rare","Not detected","Not detected","Low-quality","virulent",0,"FCH3CGLCCXYL4FAA_NODE_91",16525,916.9337583847,0.000916933758384698,79.9572665816286,7.99572665816286e-05,0,0,0,0,TRUE,"Caudoviricetes",FALSE,"",FALSE,"",FALSE,""
"vOTU0834","Caudoviricetes","Unclassified","Unclassified","Unclassified","Rare","Not detected","Not detected","Not detected","Low-quality","virulent",0,"FCH3CGLCCXYL4FAA_NODE_911",5439,958.150013816839,0.000958150013816837,0,0,0,0,0,0,TRUE,"Caudoviricetes",FALSE,"",FALSE,"",FALSE,""
"vOTU0835","Caudoviricetes","Unclassified","Unclassified","Unclassified","Rare","Not detected","Not detected","Not detected","Low-quality","virulent",0,"FCH3CGLCCXYL4FAA_NODE_914",5432,584.681814962853,0.000584681814962852,0,0,0,0,0,0,TRUE,"Caudoviricetes",FALSE,"",FALSE,"",FALSE,""
"vOTU0836","Unclassified","Unclassified","Unclassified","Unclassified","Rare","Rare","Not detected","Not detected","Not-determined","virulent",0,"FCH3CGLCCXYL4FAA_NODE_915",5422,602.081194205952,0.000602081194205951,81.2304308971948,8.12304308971948e-05,0,0,0,0,FALSE,,FALSE,,FALSE,,FALSE,
"vOTU0837","Caudoviricetes","Unclassified","Unclassified","Unclassified","Rare","Rare","Not detected","Rare","Low-quality","virulent",0,"FCH3CGLCCXYL4FAA_NODE_916",5412,953.845780742011,0.00095384578074201,244.141542690239,0.000244141542690239,0,0,81.5628966318182,8.15628966318182e-05,TRUE,"Caudoviricetes",FALSE,"",FALSE,"",FALSE,""
"vOTU0838","Caudoviricetes","Unclassified","Unclassified","Unclassified","Rare","Rare","Not detected","Not detected","Low-quality","virulent",0,"FCH3CGLCCXYL4FAA_NODE_917",5412,695.853458533667,0.000695853458533666,244.141542690239,0.000244141542690239,0,0,0,0,TRUE,"Caudoviricetes",FALSE,"",FALSE,"",FALSE,""
"vOTU0839","Caudoviricetes","Unclassified","Unclassified","Unclassified","Rare","Rare","Not detected","Not detected","Low-quality","virulent",0,"FCH3CGLCCXYL4FAA_NODE_918",5409,652.610608719214,0.000652610608719213,244.276866056032,0.000244276866056031,0,0,0,0,TRUE,"Caudoviricetes",FALSE,"",FALSE,"",FALSE,""
"vOTU0840","Caudoviricetes","Unclassified","Unclassified","Unclassified","Rare","Rare","Not detected","Not detected","Low-quality","virulent",0,"FCH3CGLCCXYL4FAA_NODE_919",5407,674.674608878287,0.000674674608878286,81.4557923343247,8.14557923343247e-05,0,0,0,0,TRUE,"Caudoviricetes",FALSE,"",FALSE,"",FALSE,""
"vOTU0105","Caudoviricetes","Unclassified","Unclassified","Unclassified","Intermediate","Not detected","Not detected","Not detected","Low-quality","virulent",0,"FCH3CGLCCXYL4FAA_NODE_92",16404,1084.93956638061,0.00108493956638061,0,0,0,0,0,0,TRUE,"Caudoviricetes",FALSE,"",FALSE,"",FALSE,""
"vOTU0841","Caudoviricetes","Unclassified","Unclassified","Unclassified","Intermediate","Rare","Not detected","Not detected","Low-quality","virulent",0,"FCH3CGLCCXYL4FAA_NODE_921",5395,1441.65634588094,0.00144165634588093,326.547657366055,0.000326547657366055,0,0,0,0,TRUE,"Caudoviricetes",FALSE,"",FALSE,"",FALSE,""
"vOTU0842","Caudoviricetes","Unclassified","Unclassified","Unclassified","Rare","Intermediate","Not detected","Not detected","Low-quality","virulent",0,"FCH3CGLCCXYL4FAA_NODE_922",5395,924.045114576008,0.000924045114576007,1265.37200721301,0.00126537200721301,0,0,0,0,TRUE,"Caudoviricetes",FALSE,"",FALSE,"",FALSE,""
"vOTU0844","Caudoviricetes","Unclassified","Unclassified","Unclassified","Abundant","Intermediate","Rare","Rare","Not-determined","virulent",0,"FCH3CGLCCXYL4FAA_NODE_923",5385,13565.0501123556,0.0135650501123556,2371.86714074647,0.00237186714074647,58.8999176095562,5.88999176095562e-05,81.97190013724,8.197190013724e-05,TRUE,"Caudoviricetes",FALSE,"",FALSE,"",FALSE,""
"vOTU0845","Caudoviricetes","Unclassified","Unclassified","Unclassified","Rare","Not detected","Not detected","Not detected","Low-quality","virulent",0,"FCH3CGLCCXYL4FAA_NODE_924",5383,622.883405491035,0.000622883405491034,0,0,0,0,0,0,TRUE,"Caudoviricetes",FALSE,"",FALSE,"",FALSE,""
"vOTU0846","Caudoviricetes","Unclassified","Unclassified","Unclassified","Rare","Not detected","Not detected","Not detected","Low-quality","virulent",0,"FCH3CGLCCXYL4FAA_NODE_925",5380,427.671383435057,0.000427671383435057,0,0,0,0,0,0,TRUE,"Caudoviricetes",FALSE,"",FALSE,"",FALSE,""
"vOTU0848","Caudoviricetes","Unclassified","Unclassified","Unclassified","Intermediate","Rare","Not detected","Not detected","Low-quality","virulent",0,"FCH3CGLCCXYL4FAA_NODE_928",5368,1216.27624709651,0.00121627624709651,164.095162487781,0.000164095162487781,0,0,0,0,TRUE,"Caudoviricetes",FALSE,"",FALSE,"",FALSE,""
"vOTU0850","Caudoviricetes","Unclassified","Unclassified","Unclassified","Rare","Rare","Rare","Not detected","Low-quality","virulent",0,"FCH3CGLCCXYL4FAA_NODE_929",5356,523.215986078387,0.000523215986078386,164.462706117051,0.000164462706117051,59.2188246113427,5.92188246113427e-05,0,0,TRUE,"Caudoviricetes",FALSE,"[Order]_Inhavirus",FALSE,"[Family]_Inhavirus",FALSE,""
"vOTU0106","Caudoviricetes","Unclassified","Unclassified","Unclassified","Intermediate","Rare","Not detected","Rare","Low-quality","virulent",0,"FCH3CGLCCXYL4FAA_NODE_93",16402,2858.35446756754,0.00285835446756754,26.8522795893498,2.68522795893498e-05,0,0,183.901967202107,0.000183901967202107,TRUE,"Caudoviricetes",FALSE,"",FALSE,"",FALSE,""
"vOTU0851","Caudoviricetes","Unclassified","Unclassified","Unclassified","Rare","Not detected","Not detected","Not detected","Low-quality","virulent",0,"FCH3CGLCCXYL4FAA_NODE_930",5352,435.420752657989,0.000435420752657988,0,0,0,0,0,0,TRUE,"Caudoviricetes",FALSE,"",FALSE,"",FALSE,""
"vOTU0852","Caudoviricetes","Unclassified","Unclassified","Unclassified","Rare","Rare","Not detected","Not detected","Low-quality","virulent",0,"FCH3CGLCCXYL4FAA_NODE_931",5347,581.103582666712,0.000581103582666711,82.3697650262446,8.23697650262446e-05,0,0,0,0,TRUE,"Caudoviricetes",FALSE,"",FALSE,"",FALSE,""
"vOTU0853","Caudoviricetes","Unclassified","Unclassified","Unclassified","Rare","Rare","Not detected","Not detected","Low-quality","virulent",0,"FCH3CGLCCXYL4FAA_NODE_932",5344,355.113753482517,0.000355113753482516,82.4160408033868,8.24160408033868e-05,0,0,0,0,TRUE,"Caudoviricetes",FALSE,"",FALSE,"",FALSE,""
"vOTU0854","Caudoviricetes","Unclassified","Unclassified","Unclassified","Rare","Rare","Not detected","Not detected","Low-quality","virulent",0,"FCH3CGLCCXYL4FAA_NODE_933",5337,536.132711982659,0.000536132711982658,165.048283741638,0.000165048283741638,0,0,0,0,TRUE,"Caudoviricetes",FALSE,"",FALSE,"",FALSE,""
"vOTU0855","Caudoviricetes","Unclassified","Unclassified","Unclassified","Rare","Rare","Not detected","Not detected","Low-quality","virulent",0,"FCH3CGLCCXYL4FAA_NODE_934",5336,573.088236862695,0.000573088236862694,82.5396147014365,8.25396147014365e-05,0,0,0,0,TRUE,"Caudoviricetes",FALSE,"",FALSE,"",FALSE,""
"vOTU0856","Unclassified","Unclassified","Unclassified","Unclassified","Rare","Not detected","Not detected","Not detected","Not-determined","virulent",0,"FCH3CGLCCXYL4FAA_NODE_935",5336,530.705346834921,0.00053070534683492,0,0,0,0,0,0,FALSE,,FALSE,,FALSE,,FALSE,
"vOTU0857","Caudoviricetes","Unclassified","Unclassified","Unclassified","Rare","Rare","Not detected","Not detected","Low-quality","virulent",0,"FCH3CGLCCXYL4FAA_NODE_936",5335,742.758118218221,0.00074275811821822,247.66525407588,0.00024766525407588,0,0,0,0,TRUE,"Caudoviricetes",FALSE,"",FALSE,"",FALSE,""
"vOTU0858","Caudoviricetes","Unclassified","Unclassified","Unclassified","Rare","Rare","Not detected","Not detected","Low-quality","virulent",0,"FCH3CGLCCXYL4FAA_NODE_937",5335,648.761390460583,0.000648761390460582,82.5550449306479,8.25550449306479e-05,0,0,0,0,TRUE,"Caudoviricetes",FALSE,"",FALSE,"",FALSE,""
"vOTU0859","Caudoviricetes","Unclassified","Unclassified","Unclassified","Rare","Rare","Not detected","Not detected","Low-quality","virulent",0,"FCH3CGLCCXYL4FAA_NODE_938",5330,844.918747502105,0.000844918747502104,165.265018394077,0.000165265018394077,0,0,0,0,TRUE,"Caudoviricetes",FALSE,"",FALSE,"",FALSE,""
"vOTU0107","Caudoviricetes","Unclassified","Unclassified","Unclassified","Rare","Rare","Not detected","Rare","Low-quality","virulent",0,"FCH3CGLCCXYL4FAA_NODE_94",16227,592.015765054183,0.000592015765054182,135.70935583066,0.00013570935583066,0,0,72.5405679927901,7.254056799279e-05,TRUE,"Caudoviricetes",FALSE,"",FALSE,"",FALSE,""
"vOTU0860","Caudoviricetes","Unclassified","Unclassified","Unclassified","Intermediate","Rare","Not detected","Not detected","Low-quality","virulent",0,"FCH3CGLCCXYL4FAA_NODE_942",5316,1701.686623461,0.001701686623461,331.400426111783,0.000331400426111783,0,0,0,0,TRUE,"Caudoviricetes",FALSE,"",FALSE,"",FALSE,""
"vOTU0861","Caudoviricetes","Unclassified","Unclassified","Unclassified","Rare","Not detected","Not detected","Not detected","Low-quality","virulent",0,"FCH3CGLCCXYL4FAA_NODE_943",5316,608.537903343175,0.000608537903343174,0,0,0,0,0,0,TRUE,"Caudoviricetes",FALSE,"",FALSE,"",FALSE,""
"vOTU0862","Caudoviricetes","Unclassified","Unclassified","Unclassified","Rare","Rare","Not detected","Rare","Low-quality","virulent",0,"FCH3CGLCCXYL4FAA_NODE_945",5312,910.71740368157,0.000910717403681568,497.474807315559,0.000497474807315559,0,0,69.2486729492593,6.92486729492592e-05,TRUE,"Caudoviricetes",FALSE,"",FALSE,"",FALSE,""
"vOTU0863","Caudoviricetes","Unclassified","Unclassified","Unclassified","Rare","Rare","Not detected","Not detected","Low-quality","virulent",0,"FCH3CGLCCXYL4FAA_NODE_947",5309,831.591827562626,0.000831591827562625,165.918673065268,0.000165918673065268,0,0,0,0,TRUE,"Caudoviricetes",FALSE,"",FALSE,"",FALSE,""
"vOTU0864","Caudoviricetes","Unclassified","Unclassified","Unclassified","Intermediate","Not detected","Not detected","Not detected","Low-quality","virulent",0,"FCH3CGLCCXYL4FAA_NODE_949",5307,1002.36255044223,0.00100236255044223,0,0,0,0,0,0,TRUE,"Caudoviricetes",FALSE,"",FALSE,"",FALSE,""
"vOTU0108","Caudoviricetes","Unclassified","Unclassified","Unclassified","Rare","Rare","Not detected","Not detected","Low-quality","virulent",0,"FCH3CGLCCXYL4FAA_NODE_95",16131,980.779786454647,0.000980779786454646,163.820415370879,0.000163820415370879,0,0,0,0,TRUE,"Caudoviricetes",FALSE,"",FALSE,"",FALSE,""
"vOTU0865","Caudoviricetes","Unclassified","Unclassified","Unclassified","Intermediate","Rare","Not detected","Not detected","Low-quality","virulent",0,"FCH3CGLCCXYL4FAA_NODE_951",5305,1214.03916282188,0.00121403916282187,705.686111275641,0.000705686111275641,0,0,0,0,TRUE,"Caudoviricetes",FALSE,"",FALSE,"",FALSE,""
"vOTU0866","Caudoviricetes","Unclassified","Unclassified","Unclassified","Rare","Not detected","Not detected","Not detected","Low-quality","virulent",0,"FCH3CGLCCXYL4FAA_NODE_952",5304,361.499444451788,0.000361499444451787,0,0,0,0,0,0,TRUE,"Caudoviricetes",FALSE,"",FALSE,"",FALSE,""
"vOTU0867","Caudoviricetes","Unclassified","Unclassified","Unclassified","Rare","Rare","Not detected","Not detected","Low-quality","virulent",0,"FCH3CGLCCXYL4FAA_NODE_953",5301,432.190133081996,0.000432190133081996,249.253753997805,0.000249253753997805,0,0,0,0,TRUE,"Caudoviricetes",FALSE,"",FALSE,"",FALSE,""
"vOTU0868","Caudoviricetes","Unclassified","Unclassified","Unclassified","Intermediate","Rare","Not detected","Not detected","Low-quality","virulent",0,"FCH3CGLCCXYL4FAA_NODE_954",5293,1136.9104124168,0.0011369104124168,166.420208766397,0.000166420208766397,0,0,0,0,TRUE,"Caudoviricetes",FALSE,"",FALSE,"",FALSE,""
"vOTU0869","Caudoviricetes","Unclassified","Unclassified","Unclassified","Rare","Rare","Not detected","Rare","Low-quality","virulent",0,"FCH3CGLCCXYL4FAA_NODE_955",5286,941.239205054847,0.000941239205054845,124.980553870557,0.000124980553870557,0,0,139.178507027217,0.000139178507027217,TRUE,"Caudoviricetes",FALSE,"",FALSE,"",FALSE,""
"vOTU0870","Caudoviricetes","Unclassified","Unclassified","Unclassified","Rare","Not detected","Not detected","Not detected","Low-quality","virulent",0,"FCH3CGLCCXYL4FAA_NODE_956",5279,789.752299623093,0.000789752299623092,0,0,0,0,0,0,TRUE,"Caudoviricetes",FALSE,"",FALSE,"",FALSE,""
"vOTU0871","Caudoviricetes","Unclassified","Unclassified","Unclassified","Rare","Rare","Rare","Not detected","Not-determined","virulent",0,"FCH3CGLCCXYL4FAA_NODE_957",5273,391.59609555064,0.000391596095550639,167.051487049147,0.000167051487049147,60.1509818201921,6.01509818201921e-05,0,0,TRUE,"Caudoviricetes",FALSE,"",FALSE,"",FALSE,""
"vOTU0873","Caudoviricetes","Unclassified","Unclassified","Unclassified","Intermediate","Not detected","Not detected","Not detected","Low-quality","virulent",0,"FCH3CGLCCXYL4FAA_NODE_958",5270,2035.59305290963,0.00203559305290962,0,0,0,0,0,0,TRUE,"Caudoviricetes",FALSE,"",FALSE,"",FALSE,""
"vOTU0874","Caudoviricetes","Unclassified","Unclassified","Unclassified","Intermediate","Rare","Not detected","Rare","Low-quality","virulent",0,"FCH3CGLCCXYL4FAA_NODE_959",5266,3262.03582758262,0.00326203582758261,627.275603758451,0.000627275603758451,0,0,55.8828157554992,5.58828157554992e-05,TRUE,"Caudoviricetes",FALSE,"",FALSE,"",FALSE,""
"vOTU0109","Caudoviricetes","Unclassified","Unclassified","Unclassified","Intermediate","Intermediate","Not detected","Intermediate","Low-quality","virulent",0,"FCH3CGLCCXYL4FAA_NODE_96",16023,6820.29770943508,0.00682029770943507,2405.15055412901,0.00240515055412901,0,0,1478.46554895169,0.00147846554895169,TRUE,"Caudoviricetes",FALSE,"",FALSE,"",FALSE,""
"vOTU0876","Caudoviricetes","Unclassified","Unclassified","Unclassified","Rare","Rare","Not detected","Not detected","Low-quality","virulent",0,"FCH3CGLCCXYL4FAA_NODE_960",5252,702.07470277654,0.00070207470277654,83.8597385467094,8.38597385467093e-05,0,0,0,0,TRUE,"Caudoviricetes",FALSE,"",FALSE,"",FALSE,""
"vOTU0877","Caudoviricetes","Unclassified","Unclassified","Unclassified","Rare","Rare","Not detected","Not detected","Low-quality","virulent",0,"FCH3CGLCCXYL4FAA_NODE_962",5247,432.890128220376,0.000432890128220376,335.758677738002,0.000335758677738002,0,0,0,0,TRUE,"Caudoviricetes",FALSE,"",FALSE,"",FALSE,""
"vOTU0878","Caudoviricetes","Unclassified","Unclassified","Unclassified","Rare","Rare","Not detected","Rare","Low-quality","virulent",0,"FCH3CGLCCXYL4FAA_NODE_964",5237,734.126426754781,0.00073412642675478,168.199765343362,0.000168199765343362,0,0,56.1923003647431,5.61923003647431e-05,TRUE,"Caudoviricetes",FALSE,"",FALSE,"",FALSE,""
"vOTU0879","Caudoviricetes","Unclassified","Unclassified","Unclassified","Rare","Not detected","Not detected","Not detected","Low-quality","virulent",0,"FCH3CGLCCXYL4FAA_NODE_965",5236,492.014898205646,0.000492014898205646,0,0,0,0,0,0,TRUE,"Caudoviricetes",FALSE,"",FALSE,"",FALSE,""
"vOTU0880","Caudoviricetes","Unclassified","Unclassified","Unclassified","Intermediate","Rare","Rare","Rare","Low-quality","virulent",0,"FCH3CGLCCXYL4FAA_NODE_966",5235,1624.71103069792,0.00162471103069791,84.1320041317183,8.41320041317182e-05,30.2938187650299,3.02938187650299e-05,112.427526448459,0.000112427526448459,TRUE,"Caudoviricetes",FALSE,"",FALSE,"",FALSE,""
"vOTU0881","Caudoviricetes","Unclassified","Unclassified","Unclassified","Rare","Rare","Not detected","Not detected","Low-quality","virulent",0,"FCH3CGLCCXYL4FAA_NODE_967",5232,563.806356454935,0.000563806356454934,252.540867825514,0.000252540867825514,0,0,0,0,TRUE,"Caudoviricetes",FALSE,"",FALSE,"",FALSE,""
"vOTU0882","Caudoviricetes","Unclassified","Unclassified","Unclassified","Intermediate","Intermediate","Not detected","Not detected","Low-quality","virulent",0,"FCH3CGLCCXYL4FAA_NODE_969",5228,1685.1913776406,0.0016851913776406,1010.93638860902,0.00101093638860902,0,0,0,0,TRUE,"Caudoviricetes",FALSE,"",FALSE,"",FALSE,""
"vOTU0250","Caudoviricetes","Unclassified","Unclassified","Unclassified","Intermediate","Rare","Not detected","Not detected","Low-quality","virulent",0,"FCH3CGLCCXYL4FAA_NODE_97",10541,1179.07641300759,0.00117907641300759,167.130691582968,0.000167130691582968,0,0,0,0,TRUE,"Caudoviricetes",FALSE,"",FALSE,"",FALSE,""
"vOTU0883","Caudoviricetes","Unclassified","Unclassified","Unclassified","Intermediate","Intermediate","Not detected","Not detected","Low-quality","virulent",0,"FCH3CGLCCXYL4FAA_NODE_970",5226,2039.56101028538,0.00203956101028538,1053.46153797715,0.00105346153797715,0,0,0,0,TRUE,"Caudoviricetes",FALSE,"",FALSE,"",FALSE,""
"vOTU0884","Caudoviricetes","Unclassified","Unclassified","Unclassified","Rare","Not detected","Not detected","Not detected","Low-quality","virulent",0,"FCH3CGLCCXYL4FAA_NODE_971",5223,739.859579883189,0.000739859579883188,0,0,0,0,0,0,TRUE,"Caudoviricetes",FALSE,"",FALSE,"",FALSE,""
"vOTU0886","Caudoviricetes","Unclassified","Unclassified","Unclassified","Rare","Rare","Not detected","Not detected","Low-quality","virulent",0,"FCH3CGLCCXYL4FAA_NODE_972",5219,595.355656256126,0.000595355656256125,126.584944116876,0.000126584944116876,0,0,0,0,TRUE,"Caudoviricetes",FALSE,"",FALSE,"",FALSE,""
"vOTU0887","Caudoviricetes","Unclassified","Unclassified","Unclassified","Intermediate","Rare","Not detected","Not detected","Low-quality","virulent",0,"FCH3CGLCCXYL4FAA_NODE_973",5217,2039.31006184851,0.00203931006184851,168.844716547332,0.000168844716547332,0,0,0,0,TRUE,"Caudoviricetes",FALSE,"",FALSE,"",FALSE,""
"vOTU0888","Caudoviricetes","Unclassified","Unclassified","Unclassified","Rare","Not detected","Not detected","Not detected","Low-quality","virulent",0,"FCH3CGLCCXYL4FAA_NODE_974",5217,525.847661004046,0.000525847661004046,0,0,0,0,0,0,TRUE,"Caudoviricetes",FALSE,"",FALSE,"",FALSE,""
"vOTU0889","Caudoviricetes","Unclassified","Unclassified","Unclassified","Rare","Rare","Not detected","Rare","Low-quality","virulent",0,"FCH3CGLCCXYL4FAA_NODE_975",5215,460.05739374081,0.000460057393740809,84.4546884805917,8.44546884805916e-05,0,0,56.4293364872034,5.64293364872034e-05,TRUE,"Caudoviricetes",FALSE,"",FALSE,"",FALSE,""
"vOTU0890","Caudoviricetes","Unclassified","Unclassified","Unclassified","Rare","Rare","Not detected","Rare","Low-quality","virulent",0,"FCH3CGLCCXYL4FAA_NODE_976",5214,384.712126925769,0.000384712126925768,84.4708770148278,8.44708770148278e-05,0,0,225.760626862996,0.000225760626862996,TRUE,"Caudoviricetes",FALSE,"",FALSE,"",FALSE,""
"vOTU0891","Caudoviricetes","Unclassified","Unclassified","Unclassified","Rare","Not detected","Not detected","Not detected","Low-quality","virulent",0,"FCH3CGLCCXYL4FAA_NODE_977",5212,545.217812384046,0.000545217812384046,0,0,0,0,0,0,TRUE,"Caudoviricetes",FALSE,"",FALSE,"",FALSE,""
"vOTU0892","Caudoviricetes","Unclassified","Unclassified","Unclassified","Abundant","Intermediate","Not detected","Rare","Low-quality","virulent",0,"FCH3CGLCCXYL4FAA_NODE_978",5209,13487.2858176571,0.0134872858176571,2240.62648068678,0.00224062648068678,0,0,28.2471774222015,2.82471774222015e-05,TRUE,"Caudoviricetes",FALSE,"",FALSE,"",FALSE,""
"vOTU0893","Caudoviricetes","Unclassified","Unclassified","Unclassified","Rare","Rare","Not detected","Not detected","Low-quality","virulent",0,"FCH3CGLCCXYL4FAA_NODE_979",5205,472.276209751593,0.000472276209751592,253.85080780471,0.00025385080780471,0,0,0,0,TRUE,"Caudoviricetes",FALSE,"",FALSE,"",FALSE,""
"vOTU0110","Caudoviricetes","Unclassified","Unclassified","Unclassified","Rare","Rare","Not detected","Not detected","Low-quality","virulent",0,"FCH3CGLCCXYL4FAA_NODE_98",16002,947.516631068115,0.000947516631068114,137.61751540164,0.00013761751540164,0,0,0,0,TRUE,"Caudoviricetes",FALSE,"",FALSE,"",FALSE,""
"vOTU0894","Caudoviricetes","Unclassified","Autographiviridae","Unclassified","Intermediate","Rare","Not detected","Not detected","Low-quality","virulent",0,"FCH3CGLCCXYL4FAA_NODE_980",5203,2734.58559595907,0.00273458559595907,592.546149555263,0.000592546149555263,0,0,0,0,TRUE,"Caudoviricetes",FALSE,"[Order]_Autographiviridae",TRUE,"Autographiviridae",FALSE,""
"vOTU0895","Caudoviricetes","Unclassified","Unclassified","Unclassified","Intermediate","Rare","Not detected","Not detected","Low-quality","virulent",0,"FCH3CGLCCXYL4FAA_NODE_981",5202,1205.94371485205,0.00120594371485205,253.997314039548,0.000253997314039548,0,0,0,0,TRUE,"Caudoviricetes",FALSE,"",FALSE,"",FALSE,""
"vOTU0896","Caudoviricetes","Unclassified","Unclassified","Unclassified","Rare","Rare","Not detected","Rare","Low-quality","virulent",0,"FCH3CGLCCXYL4FAA_NODE_984",5199,777.317768623595,0.000777317768623594,338.858377330873,0.000338858377330873,0,0,28.3015109532848,2.83015109532848e-05,TRUE,"Caudoviricetes",FALSE,"",FALSE,"",FALSE,""
"vOTU0897","Caudoviricetes","Unclassified","Pachyviridae","Unclassified","Rare","Rare","Not detected","Not detected","Low-quality","virulent",0,"FCH3CGLCCXYL4FAA_NODE_986",5178,957.073236498169,0.000957073236498168,85.0581586956509,8.50581586956509e-05,0,0,0,0,TRUE,"Caudoviricetes",FALSE,"[Order]_Pachyviridae",TRUE,"Pachyviridae",FALSE,""
"vOTU0899","Caudoviricetes","Unclassified","Unclassified","Unclassified","Intermediate","Rare","Not detected","Rare","Low-quality","virulent",0,"FCH3CGLCCXYL4FAA_NODE_987",5176,3563.81630312855,0.00356381630312855,255.27320484509,0.00025527320484509,0,0,56.8545101915737,5.68545101915737e-05,TRUE,"Caudoviricetes",FALSE,"",FALSE,"",FALSE,""
"vOTU0900","Caudoviricetes","Unclassified","Unclassified","Unclassified","Rare","Rare","Not detected","Not detected","Low-quality","virulent",0,"FCH3CGLCCXYL4FAA_NODE_989",5170,610.507860556785,0.000610507860556784,255.569399639785,0.000255569399639785,0,0,0,0,TRUE,"Caudoviricetes",FALSE,"",FALSE,"",FALSE,""
"vOTU0111","Caudoviricetes","Unclassified","Unclassified","Unclassified","Rare","Rare","Not detected","Not detected","Low-quality","virulent",0,"FCH3CGLCCXYL4FAA_NODE_99",15855,555.671816135487,0.000555671816135486,55.5574008241385,5.55574008241385e-05,0,0,0,0,TRUE,"Caudoviricetes",FALSE,"",FALSE,"",FALSE,""
"vOTU0901","Caudoviricetes","Unclassified","Unclassified","Unclassified","Rare","Rare","Not detected","Not detected","Low-quality","virulent",0,"FCH3CGLCCXYL4FAA_NODE_990",5169,608.723633948458,0.000608723633948457,255.61888543286,0.00025561888543286,0,0,0,0,TRUE,"Caudoviricetes",FALSE,"",FALSE,"",FALSE,""
"vOTU0902","Caudoviricetes","Unclassified","Unclassified","Unclassified","Rare","Rare","Not detected","Not detected","Low-quality","virulent",0,"FCH3CGLCCXYL4FAA_NODE_991",5167,502.391244561149,0.000502391244561149,170.478591226664,0.000170478591226664,0,0,0,0,TRUE,"Caudoviricetes",FALSE,"",FALSE,"",FALSE,""
"vOTU0903","Caudoviricetes","Unclassified","Unclassified","Unclassified","Rare","Rare","Not detected","Not detected","Low-quality","virulent",0,"FCH3CGLCCXYL4FAA_NODE_992",5165,946.155757109308,0.000946155757109307,170.544610625363,0.000170544610625363,0,0,0,0,TRUE,"Caudoviricetes",FALSE,"",FALSE,"",FALSE,""
"vOTU0904","Caudoviricetes","Unclassified","Unclassified","Unclassified","Rare","Rare","Not detected","Not detected","Low-quality","virulent",0,"FCH3CGLCCXYL4FAA_NODE_993",5162,822.891323017785,0.000822891323017784,85.3217974959682,8.53217974959682e-05,0,0,0,0,TRUE,"Caudoviricetes",FALSE,"",FALSE,"",FALSE,""
"vOTU0905","Caudoviricetes","Unclassified","Unclassified","Unclassified","Rare","Not detected","Not detected","Intermediate","Low-quality","virulent",0,"FCH3CGLCCXYL4FAA_NODE_994",5162,430.49408596739,0.00043049408596739,0,0,0,0,1610.49677262308,0.00161049677262307,TRUE,"Caudoviricetes",FALSE,"",FALSE,"",FALSE,""
"vOTU0906","Caudoviricetes","Unclassified","Unclassified","Unclassified","Rare","Rare","Not detected","Not detected","Low-quality","virulent",0,"FCH3CGLCCXYL4FAA_NODE_995",5160,491.639697935274,0.000491639697935274,170.709763495556,0.000170709763495556,0,0,0,0,TRUE,"Caudoviricetes",FALSE,"",FALSE,"",FALSE,""
"vOTU0907","Caudoviricetes","Unclassified","Unclassified","Unclassified","Rare","Not detected","Not detected","Not detected","Low-quality","virulent",0,"FCH3CGLCCXYL4FAA_NODE_996",5160,449.71659242178,0.00044971659242178,0,0,0,0,0,0,TRUE,"Caudoviricetes",FALSE,"",FALSE,"",FALSE,""
"vOTU0908","Caudoviricetes","Unclassified","Unclassified","Unclassified","Rare","Not detected","Not detected","Not detected","Low-quality","virulent",0,"FCH3CGLCCXYL4FAA_NODE_997",5158,507.080576827498,0.000507080576827497,0,0,0,0,0,0,TRUE,"Caudoviricetes",FALSE,"",FALSE,"",FALSE,""
"vOTU0006","Caudoviricetes","Unclassified","Unclassified","Unclassified","Not detected","Not detected","Not detected","Abundant","Medium-quality","virulent",1,"TARATASF_NODE_1",172496,0,0,0,0,0,0,13106.3833143227,0.0131063833143227,TRUE,"Caudoviricetes",FALSE,"",FALSE,"",FALSE,""
"vOTU0101","Caudoviricetes","Unclassified","Unclassified","Unclassified","Not detected","Not detected","Not detected","Abundant","Low-quality","virulent",0,"TARATASF_NODE_105",16768,0,0,0,0,0,0,13570.5667734554,0.0135705667734554,TRUE,"Caudoviricetes",FALSE,"",FALSE,"",FALSE,""
"vOTU0103","Caudoviricetes","Unclassified","Unclassified","Unclassified","Not detected","Not detected","Not detected","Abundant","Low-quality","virulent",0,"TARATASF_NODE_106",16673,0,0,0,0,0,0,15170.2072941889,0.0151702072941889,TRUE,"Caudoviricetes",FALSE,"",FALSE,"",FALSE,""
"vOTU0126","Caudoviricetes","Unclassified","Unclassified","Unclassified","Not detected","Not detected","Not detected","Abundant","Low-quality","virulent",0,"TARATASF_NODE_126",14986,0,0,0,0,0,0,25100.9086360196,0.0251009086360196,TRUE,"Caudoviricetes",FALSE,"",FALSE,"",FALSE,""
"vOTU0146","Caudoviricetes","Unclassified","Unclassified","Unclassified","Not detected","Not detected","Not detected","Abundant","Low-quality","virulent",0,"TARATASF_NODE_137",14250,0,0,0,0,0,0,100478.212942563,0.100478212942563,TRUE,"Caudoviricetes",FALSE,"",FALSE,"",FALSE,""
"vOTU0169","Caudoviricetes","Unclassified","Unclassified","Unclassified","Not detected","Not detected","Not detected","Abundant","High-quality","virulent",1,"TARATASF_NODE_150",13362,0,0,0,0,0,0,51893.050293719,0.051893050293719,TRUE,"Caudoviricetes",FALSE,"",FALSE,"",FALSE,""
"vOTU0018","Caudoviricetes","Unclassified","Unclassified","Lambdavirus","Not detected","Not detected","Not detected","Abundant","High-quality","temperate",1,"TARATASF_NODE_16",48515,0,0,0,0,0,0,162796.683489272,0.162796683489272,TRUE,"Caudoviricetes",FALSE,"[Order]_Lambdavirus",FALSE,"[Family]_Lambdavirus",TRUE,"Lambdavirus"
"vOTU0207","Caudoviricetes","Unclassified","Unclassified","Unclassified","Not detected","Not detected","Not detected","Intermediate","Low-quality","virulent",0,"TARATASF_NODE_171",11809,0,0,0,0,0,0,8248.48461047149,0.00824848461047149,TRUE,"Caudoviricetes",FALSE,"",FALSE,"",FALSE,""
"vOTU0220","Caudoviricetes","Unclassified","Unclassified","Unclassified","Not detected","Rare","Intermediate","Abundant","Not-determined","virulent",0,"TARATASF_NODE_180",11425,0,0,115.649318721414,0.000115649318721414,4108.7137485185,0.0041087137485185,59834.5942231922,0.0598345942231922,TRUE,"Caudoviricetes",FALSE,"",FALSE,"",FALSE,""
"vOTU0226","Caudoviricetes","Unclassified","Unclassified","Unclassified","Not detected","Not detected","Not detected","Abundant","Low-quality","virulent",0,"TARATASF_NODE_183",11309,0,0,0,0,0,0,11202.3291627662,0.0112023291627662,TRUE,"Caudoviricetes",FALSE,"",FALSE,"",FALSE,""
"vOTU0231","Caudoviricetes","Unclassified","Unclassified","Unclassified","Not detected","Not detected","Not detected","Abundant","Low-quality","virulent",0,"TARATASF_NODE_191",11045,0,0,0,0,0,0,10524.2375756502,0.0105242375756502,TRUE,"Caudoviricetes",FALSE,"",FALSE,"",FALSE,""
"vOTU0008","Caudoviricetes","Crassvirales","Crevaviridae","Kingevirus","Not detected","Not detected","Not detected","Abundant","High-quality","virulent",1,"TARATASF_NODE_2",90244,0,0,0,0,0,0,31734.5129619206,0.0317345129619206,TRUE,"Caudoviricetes",TRUE,"Crassvirales",TRUE,"Crevaviridae",TRUE,"Kingevirus"
"vOTU0267","Caudoviricetes","Unclassified","Unclassified","Unclassified","Not detected","Not detected","Not detected","Intermediate","Low-quality","virulent",0,"TARATASF_NODE_214",10202,0,0,0,0,0,0,6396.42902233896,0.00639642902233896,TRUE,"Caudoviricetes",FALSE,"",FALSE,"",FALSE,""
"vOTU0284","Caudoviricetes","Unclassified","Unclassified","Unclassified","Not detected","Not detected","Not detected","Intermediate","Low-quality","virulent",0,"TARATASF_NODE_221",9832,0,0,0,0,0,0,6068.45851771656,0.00606845851771656,TRUE,"Caudoviricetes",FALSE,"",FALSE,"",FALSE,""
"vOTU0312","Caudoviricetes","Unclassified","Unclassified","Unclassified","Rare","Not detected","Not detected","Intermediate","Low-quality","virulent",0,"TARATASF_NODE_237",9399,160.061396470687,0.000160061396470686,0,0,0,0,5322.63347129357,0.00532263347129357,TRUE,"Caudoviricetes",FALSE,"",FALSE,"",FALSE,""
"vOTU0318","Caudoviricetes","Unclassified","Unclassified","Unclassified","Not detected","Not detected","Not detected","Abundant","Low-quality","temperate",0,"TARATASF_NODE_240",9284,0,0,0,0,0,0,16736.2428213136,0.0167362428213136,TRUE,"Caudoviricetes",FALSE,"",FALSE,"",FALSE,""
"vOTU0358","Caudoviricetes","Unclassified","Unclassified","Unclassified","Not detected","Not detected","Rare","Abundant","Low-quality","virulent",0,"TARATASF_NODE_254",8673,0,0,0,0,182.852513553302,0.000182852513553302,63246.3991389703,0.0632463991389703,TRUE,"Caudoviricetes",FALSE,"",FALSE,"",FALSE,""
"vOTU0426","Caudoviricetes","Unclassified","Unclassified","Unclassified","Not detected","Not detected","Not detected","Abundant","Low-quality","virulent",0,"TARATASF_NODE_274",8099,0,0,0,0,0,0,10264.7003404715,0.0102647003404715,TRUE,"Caudoviricetes",FALSE,"",FALSE,"",FALSE,""
"vOTU0440","Caudoviricetes","Unclassified","Unclassified","Unclassified","Not detected","Not detected","Not detected","Intermediate","Low-quality","virulent",0,"TARATASF_NODE_283",7930,0,0,0,0,0,0,9602.10357758252,0.00960210357758252,TRUE,"Caudoviricetes",FALSE,"",FALSE,"",FALSE,""
"vOTU0441","Caudoviricetes","Unclassified","Unclassified","Unclassified","Not detected","Not detected","Not detected","Intermediate","Low-quality","temperate",0,"TARATASF_NODE_284",7919,0,0,0,0,0,0,4254.95055270634,0.00425495055270634,TRUE,"Caudoviricetes",FALSE,"",FALSE,"",FALSE,""
"vOTU0446","Caudoviricetes","Unclassified","Unclassified","Unclassified","Not detected","Not detected","Not detected","Abundant","Low-quality","virulent",0,"TARATASF_NODE_288",7809,0,0,0,0,0,0,12643.1848291406,0.0126431848291406,TRUE,"Caudoviricetes",FALSE,"",FALSE,"",FALSE,""
"vOTU0030","Caudoviricetes","Unclassified","Unclassified","Unclassified","Not detected","Not detected","Not detected","Abundant","High-quality","virulent",1,"TARATASF_NODE_29",39950,0,0,0,0,0,0,14872.3269880229,0.0148723269880229,TRUE,"Caudoviricetes",FALSE,"",FALSE,"",FALSE,""
"vOTU0453","Caudoviricetes","Unclassified","Unclassified","Unclassified","Not detected","Not detected","Not detected","Intermediate","Low-quality","virulent",0,"TARATASF_NODE_294",7727,0,0,0,0,0,0,9587.77422189322,0.00958777422189322,TRUE,"Caudoviricetes",FALSE,"",FALSE,"",FALSE,""
"vOTU0009","Caudoviricetes","Unclassified","Unclassified","Unclassified","Not detected","Not detected","Not detected","Abundant","High-quality","virulent",1,"TARATASF_NODE_3",85487,0,0,0,0,0,0,12420.1222373811,0.0124201222373811,TRUE,"Caudoviricetes",FALSE,"",FALSE,"",FALSE,""
"vOTU0516","Caudoviricetes","Unclassified","Unclassified","Unclassified","Rare","Not detected","Not detected","Intermediate","Low-quality","virulent",0,"TARATASF_NODE_323",7110,2.76590573453725,2.76590573453725e-06,0,0,0,0,5432.36435570917,0.00543236435570917,TRUE,"Caudoviricetes",FALSE,"",FALSE,"",FALSE,""
"vOTU0518","Caudoviricetes","Unclassified","Unclassified","Unclassified","Not detected","Not detected","Not detected","Intermediate","Low-quality","virulent",0,"TARATASF_NODE_325",7106,0,0,0,0,0,0,6512.15779352613,0.00651215779352613,TRUE,"Caudoviricetes",FALSE,"",FALSE,"",FALSE,""
"vOTU0643","Caudoviricetes","Unclassified","Unclassified","Unclassified","Not detected","Not detected","Not detected","Intermediate","Low-quality","virulent",0,"TARATASF_NODE_380",6192,0,0,0,0,0,0,9398.20578268409,0.00939820578268409,TRUE,"Caudoviricetes",FALSE,"",FALSE,"",FALSE,""
"vOTU0664","Caudoviricetes","Unclassified","Unclassified","Unclassified","Not detected","Not detected","Not detected","Intermediate","Low-quality","virulent",0,"TARATASF_NODE_389",6090,0,0,0,0,0,0,5218.74151749538,0.00521874151749538,TRUE,"Caudoviricetes",FALSE,"",FALSE,"",FALSE,""
"vOTU0011","Caudoviricetes","Unclassified","Unclassified","Unclassified","Not detected","Not detected","Not detected","Abundant","High-quality","virulent",1,"TARATASF_NODE_4",83849,0,0,0,0,0,0,11946.7805357998,0.0119467805357998,TRUE,"Caudoviricetes",FALSE,"",FALSE,"",FALSE,""
"vOTU0734","Caudoviricetes","Unclassified","Unclassified","Unclassified","Not detected","Not detected","Not detected","Intermediate","Not-determined","temperate",0,"TARATASF_NODE_410",5767,0,0,0,0,0,0,5255.89468452983,0.00525589468452983,TRUE,"Caudoviricetes",FALSE,"",FALSE,"",FALSE,""
"vOTU0793","Caudoviricetes","Unclassified","Unclassified","Unclassified","Not detected","Not detected","Not detected","Intermediate","Low-quality","virulent",0,"TARATASF_NODE_431",5556,0,0,0,0,0,0,6011.64025758931,0.00601164025758931,TRUE,"Caudoviricetes",FALSE,"",FALSE,"",FALSE,""
"vOTU0797","Caudoviricetes","Unclassified","Unclassified","Unclassified","Rare","Not detected","Not detected","Intermediate","Low-quality","virulent",0,"TARATASF_NODE_433",5544,30.1510376411733,3.01510376411733e-05,0,0,0,0,4007.58820014472,0.00400758820014472,TRUE,"Caudoviricetes",FALSE,"",FALSE,"",FALSE,""
"vOTU0843","Caudoviricetes","Crassvirales","Intestiviridae","Carjivirus","Not detected","Not detected","Not detected","Intermediate","Low-quality","virulent",0,"TARATASF_NODE_443",5394,0,0,0,0,0,0,5087.41753534991,0.00508741753534991,TRUE,"Caudoviricetes",TRUE,"Crassvirales",TRUE,"Intestiviridae",TRUE,"Carjivirus"
"vOTU0875","Caudoviricetes","Unclassified","Unclassified","Unclassified","Not detected","Not detected","Not detected","Intermediate","Low-quality","virulent",0,"TARATASF_NODE_461",5256,0,0,0,0,0,0,4059.21368264262,0.00405921368264262,TRUE,"Caudoviricetes",FALSE,"",FALSE,"",FALSE,""
"vOTU0898","Caudoviricetes","Unclassified","Unclassified","Unclassified","Not detected","Not detected","Not detected","Intermediate","Low-quality","virulent",0,"TARATASF_NODE_469",5177,0,0,0,0,0,0,4476.42761350808,0.00447642761350807,TRUE,"Caudoviricetes",FALSE,"",FALSE,"",FALSE,""
"vOTU0936","Caudoviricetes","Unclassified","Unclassified","Unclassified","Not detected","Not detected","Not detected","Intermediate","Low-quality","virulent",0,"TARATASF_NODE_483",5059,0,0,0,0,0,0,9627.0352583731,0.0096270352583731,TRUE,"Caudoviricetes",FALSE,"",FALSE,"",FALSE,""
"vOTU0945","Unclassified","Unclassified","Unclassified","Unclassified","Not detected","Not detected","Rare","Abundant","Low-quality","virulent",0,"TARATASF_NODE_484",5043,0,0,0,0,251.577388670071,0.000251577388670071,100675.157350385,0.100675157350385,FALSE,,FALSE,,FALSE,,FALSE,
"vOTU0082","Caudoviricetes","Unclassified","Unclassified","Unclassified","Not detected","Not detected","Not detected","Intermediate","Medium-quality","virulent",1,"TARATASF_NODE_90",18976,0,0,0,0,0,0,6745.96352891341,0.00674596352891341,TRUE,"Caudoviricetes",FALSE,"",FALSE,"",FALSE,""
"vOTU0085","Caudoviricetes","Unclassified","Unclassified","Unclassified","Not detected","Not detected","Rare","Abundant","Low-quality","virulent",0,"TARATASF_NODE_93",18667,0,0,0,0,365.312357302971,0.000365312357302971,112114.357633581,0.112114357633581,TRUE,"Caudoviricetes",FALSE,"",FALSE,"",FALSE,""
